--
-- PostgreSQL database dump
--

-- Dumped from database version 12.4 (Ubuntu 12.4-0ubuntu0.20.04.1)
-- Dumped by pg_dump version 12.4 (Ubuntu 12.4-0ubuntu0.20.04.1)

SET statement_timeout = 0;
SET lock_timeout = 0;
SET idle_in_transaction_session_timeout = 0;
SET client_encoding = 'UTF8';
SET standard_conforming_strings = on;
SELECT pg_catalog.set_config('search_path', '', false);
SET check_function_bodies = false;
SET xmloption = content;
SET client_min_messages = warning;
SET row_security = off;

--
-- Name: DelayType; Type: TYPE; Schema: public; Owner: postgres
--

CREATE TYPE public."DelayType" AS ENUM (
    'PAYABLE',
    'RECEIVABLE'
);


ALTER TYPE public."DelayType" OWNER TO postgres;

--
-- Name: OrderStatus; Type: TYPE; Schema: public; Owner: postgres
--

CREATE TYPE public."OrderStatus" AS ENUM (
    'OPEN',
    'SEALED'
);


ALTER TYPE public."OrderStatus" OWNER TO postgres;

--
-- Name: OrderType; Type: TYPE; Schema: public; Owner: postgres
--

CREATE TYPE public."OrderType" AS ENUM (
    'SALE',
    'BUY'
);


ALTER TYPE public."OrderType" OWNER TO postgres;

--
-- Name: PaymentMethod; Type: TYPE; Schema: public; Owner: postgres
--

CREATE TYPE public."PaymentMethod" AS ENUM (
    'OFFLINE',
    'CASH',
    'ON_DELIVERY',
    'CHEQUE_DRAFT',
    'WIRED',
    'ONLINE'
);


ALTER TYPE public."PaymentMethod" OWNER TO postgres;

--
-- Name: Role; Type: TYPE; Schema: public; Owner: postgres
--

CREATE TYPE public."Role" AS ENUM (
    'ADMIN',
    'CUSTOMER',
    'SUPPLIER',
    'STAF'
);


ALTER TYPE public."Role" OWNER TO postgres;

--
-- Name: TransactionStatus; Type: TYPE; Schema: public; Owner: postgres
--

CREATE TYPE public."TransactionStatus" AS ENUM (
    'NEW',
    'CANCELLED',
    'FAILED',
    'PENDING',
    'DECLINED',
    'REJECTED',
    'SUCCESS'
);


ALTER TYPE public."TransactionStatus" OWNER TO postgres;

--
-- Name: TransactionType; Type: TYPE; Schema: public; Owner: postgres
--

CREATE TYPE public."TransactionType" AS ENUM (
    'DEBIT',
    'CREDIT'
);


ALTER TYPE public."TransactionType" OWNER TO postgres;

SET default_tablespace = '';

SET default_table_access_method = heap;

--
-- Name: Delay; Type: TABLE; Schema: public; Owner: postgres
--

CREATE TABLE public."Delay" (
    id integer NOT NULL,
    "createdAt" timestamp(3) without time zone DEFAULT CURRENT_TIMESTAMP NOT NULL,
    "updatedAt" timestamp(3) without time zone NOT NULL,
    "authorId" integer NOT NULL,
    type public."DelayType" NOT NULL,
    "orderId" integer NOT NULL,
    "dueDate" timestamp(3) without time zone NOT NULL,
    total numeric(65,30) NOT NULL,
    complete boolean NOT NULL
);


ALTER TABLE public."Delay" OWNER TO postgres;

--
-- Name: Delay_id_seq; Type: SEQUENCE; Schema: public; Owner: postgres
--

CREATE SEQUENCE public."Delay_id_seq"
    AS integer
    START WITH 1
    INCREMENT BY 1
    NO MINVALUE
    NO MAXVALUE
    CACHE 1;


ALTER TABLE public."Delay_id_seq" OWNER TO postgres;

--
-- Name: Delay_id_seq; Type: SEQUENCE OWNED BY; Schema: public; Owner: postgres
--

ALTER SEQUENCE public."Delay_id_seq" OWNED BY public."Delay".id;


--
-- Name: EquityChange; Type: TABLE; Schema: public; Owner: postgres
--

CREATE TABLE public."EquityChange" (
    id integer NOT NULL,
    "user" text NOT NULL,
    "createdAt" timestamp(3) without time zone DEFAULT CURRENT_TIMESTAMP NOT NULL
);


ALTER TABLE public."EquityChange" OWNER TO postgres;

--
-- Name: EquityChange_id_seq; Type: SEQUENCE; Schema: public; Owner: postgres
--

CREATE SEQUENCE public."EquityChange_id_seq"
    AS integer
    START WITH 1
    INCREMENT BY 1
    NO MINVALUE
    NO MAXVALUE
    CACHE 1;


ALTER TABLE public."EquityChange_id_seq" OWNER TO postgres;

--
-- Name: EquityChange_id_seq; Type: SEQUENCE OWNED BY; Schema: public; Owner: postgres
--

ALTER SEQUENCE public."EquityChange_id_seq" OWNED BY public."EquityChange".id;


--
-- Name: FinanceReport; Type: TABLE; Schema: public; Owner: postgres
--

CREATE TABLE public."FinanceReport" (
    target timestamp(3) without time zone NOT NULL,
    "totalPenjualan" numeric(65,30),
    hpp numeric(65,30),
    "labaKotor" numeric(65,30),
    opex numeric(65,30),
    "labaSebelumPajak" numeric(65,30),
    pajak numeric(65,30),
    "labaBersih" numeric(65,30),
    kas numeric(65,30),
    piutang numeric(65,30),
    persediaan numeric(65,30),
    "aktivaLancar" numeric(65,30),
    peralatan numeric(65,30),
    "akumulasiPeralatan" numeric(65,30),
    "aktivaTetap" numeric(65,30),
    passiva numeric(65,30),
    "utangDagang" numeric(65,30),
    "modalAwal" numeric(65,30),
    "modalAkhir" numeric(65,30),
    "totalRetur" numeric(65,30),
    "pembelianBarangDagang" numeric(65,30),
    "totalBiayaPengeluaran" numeric(65,30),
    "pajakUsaha" numeric(65,30),
    prive numeric(65,30),
    "kendaraanBaru" numeric(65,30),
    investasi numeric(65,30),
    "penambahanModalUsaha" numeric(65,30),
    roc numeric(65,30),
    "arusKasOperasional" numeric(65,30),
    "arusKasInvestasi" numeric(65,30)
);


ALTER TABLE public."FinanceReport" OWNER TO postgres;

--
-- Name: Investment; Type: TABLE; Schema: public; Owner: postgres
--

CREATE TABLE public."Investment" (
    id integer NOT NULL,
    title text NOT NULL,
    "createdAt" timestamp(3) without time zone DEFAULT CURRENT_TIMESTAMP NOT NULL,
    "updatedAt" timestamp(3) without time zone NOT NULL,
    description text
);


ALTER TABLE public."Investment" OWNER TO postgres;

--
-- Name: Investment_id_seq; Type: SEQUENCE; Schema: public; Owner: postgres
--

CREATE SEQUENCE public."Investment_id_seq"
    AS integer
    START WITH 1
    INCREMENT BY 1
    NO MINVALUE
    NO MAXVALUE
    CACHE 1;


ALTER TABLE public."Investment_id_seq" OWNER TO postgres;

--
-- Name: Investment_id_seq; Type: SEQUENCE OWNED BY; Schema: public; Owner: postgres
--

ALTER SEQUENCE public."Investment_id_seq" OWNED BY public."Investment".id;


--
-- Name: Opex; Type: TABLE; Schema: public; Owner: postgres
--

CREATE TABLE public."Opex" (
    id integer NOT NULL,
    "createdAt" timestamp(3) without time zone DEFAULT CURRENT_TIMESTAMP NOT NULL,
    "updatedAt" timestamp(3) without time zone NOT NULL,
    title character varying(255) NOT NULL,
    description text
);


ALTER TABLE public."Opex" OWNER TO postgres;

--
-- Name: Opex_id_seq; Type: SEQUENCE; Schema: public; Owner: postgres
--

CREATE SEQUENCE public."Opex_id_seq"
    AS integer
    START WITH 1
    INCREMENT BY 1
    NO MINVALUE
    NO MAXVALUE
    CACHE 1;


ALTER TABLE public."Opex_id_seq" OWNER TO postgres;

--
-- Name: Opex_id_seq; Type: SEQUENCE OWNED BY; Schema: public; Owner: postgres
--

ALTER SEQUENCE public."Opex_id_seq" OWNED BY public."Opex".id;


--
-- Name: Order; Type: TABLE; Schema: public; Owner: postgres
--

CREATE TABLE public."Order" (
    id integer NOT NULL,
    "createdAt" timestamp(3) without time zone DEFAULT CURRENT_TIMESTAMP NOT NULL,
    "updatedAt" timestamp(3) without time zone NOT NULL,
    "authorId" integer NOT NULL,
    "targetUserId" integer NOT NULL,
    "orderType" public."OrderType" NOT NULL,
    "orderStatus" public."OrderStatus" NOT NULL,
    "itemDiscount" numeric(65,30) DEFAULT 0 NOT NULL,
    tax integer DEFAULT 0 NOT NULL,
    shipping numeric(65,30) DEFAULT 0 NOT NULL,
    total numeric(65,30) DEFAULT 0 NOT NULL,
    "subTotal" numeric(65,30) DEFAULT 0 NOT NULL,
    "grandTotal" numeric(65,30) DEFAULT 0 NOT NULL,
    discount integer DEFAULT 0 NOT NULL,
    promo text,
    description text
);


ALTER TABLE public."Order" OWNER TO postgres;

--
-- Name: OrderItem; Type: TABLE; Schema: public; Owner: postgres
--

CREATE TABLE public."OrderItem" (
    id integer NOT NULL,
    "createdAt" timestamp(3) without time zone DEFAULT CURRENT_TIMESTAMP NOT NULL,
    "updatedAt" timestamp(3) without time zone NOT NULL,
    "authorId" integer NOT NULL,
    "productId" integer NOT NULL,
    "orderId" integer NOT NULL,
    "buyPrice" numeric(65,30) NOT NULL,
    "sellPrice" numeric(65,30) NOT NULL,
    quantity integer NOT NULL,
    discount integer DEFAULT 0 NOT NULL,
    description text
);


ALTER TABLE public."OrderItem" OWNER TO postgres;

--
-- Name: OrderItem_id_seq; Type: SEQUENCE; Schema: public; Owner: postgres
--

CREATE SEQUENCE public."OrderItem_id_seq"
    AS integer
    START WITH 1
    INCREMENT BY 1
    NO MINVALUE
    NO MAXVALUE
    CACHE 1;


ALTER TABLE public."OrderItem_id_seq" OWNER TO postgres;

--
-- Name: OrderItem_id_seq; Type: SEQUENCE OWNED BY; Schema: public; Owner: postgres
--

ALTER SEQUENCE public."OrderItem_id_seq" OWNED BY public."OrderItem".id;


--
-- Name: Order_id_seq; Type: SEQUENCE; Schema: public; Owner: postgres
--

CREATE SEQUENCE public."Order_id_seq"
    AS integer
    START WITH 1
    INCREMENT BY 1
    NO MINVALUE
    NO MAXVALUE
    CACHE 1;


ALTER TABLE public."Order_id_seq" OWNER TO postgres;

--
-- Name: Order_id_seq; Type: SEQUENCE OWNED BY; Schema: public; Owner: postgres
--

ALTER SEQUENCE public."Order_id_seq" OWNED BY public."Order".id;


--
-- Name: Product; Type: TABLE; Schema: public; Owner: postgres
--

CREATE TABLE public."Product" (
    id integer NOT NULL,
    "createdAt" timestamp(3) without time zone DEFAULT CURRENT_TIMESTAMP NOT NULL,
    "updatedAt" timestamp(3) without time zone NOT NULL,
    name character varying(255) NOT NULL,
    "buyPrice" numeric(65,30) DEFAULT 0 NOT NULL,
    "sellPrice" numeric(65,30) DEFAULT 0 NOT NULL,
    discount integer DEFAULT 0 NOT NULL,
    available integer DEFAULT 0 NOT NULL,
    sold integer DEFAULT 0 NOT NULL,
    defect integer DEFAULT 0 NOT NULL,
    returned integer DEFAULT 0 NOT NULL,
    unit text NOT NULL
);


ALTER TABLE public."Product" OWNER TO postgres;

--
-- Name: ProductCategory; Type: TABLE; Schema: public; Owner: postgres
--

CREATE TABLE public."ProductCategory" (
    id integer NOT NULL,
    "createdAt" timestamp(3) without time zone DEFAULT CURRENT_TIMESTAMP NOT NULL,
    "updatedAt" timestamp(3) without time zone NOT NULL,
    title character varying(255) NOT NULL
);


ALTER TABLE public."ProductCategory" OWNER TO postgres;

--
-- Name: ProductCategory_id_seq; Type: SEQUENCE; Schema: public; Owner: postgres
--

CREATE SEQUENCE public."ProductCategory_id_seq"
    AS integer
    START WITH 1
    INCREMENT BY 1
    NO MINVALUE
    NO MAXVALUE
    CACHE 1;


ALTER TABLE public."ProductCategory_id_seq" OWNER TO postgres;

--
-- Name: ProductCategory_id_seq; Type: SEQUENCE OWNED BY; Schema: public; Owner: postgres
--

ALTER SEQUENCE public."ProductCategory_id_seq" OWNED BY public."ProductCategory".id;


--
-- Name: Product_id_seq; Type: SEQUENCE; Schema: public; Owner: postgres
--

CREATE SEQUENCE public."Product_id_seq"
    AS integer
    START WITH 1
    INCREMENT BY 1
    NO MINVALUE
    NO MAXVALUE
    CACHE 1;


ALTER TABLE public."Product_id_seq" OWNER TO postgres;

--
-- Name: Product_id_seq; Type: SEQUENCE OWNED BY; Schema: public; Owner: postgres
--

ALTER SEQUENCE public."Product_id_seq" OWNED BY public."Product".id;


--
-- Name: RecordEquity; Type: TABLE; Schema: public; Owner: postgres
--

CREATE TABLE public."RecordEquity" (
    id integer NOT NULL,
    "createdAt" timestamp(3) without time zone DEFAULT CURRENT_TIMESTAMP NOT NULL,
    nominal numeric(65,30) DEFAULT 0 NOT NULL
);


ALTER TABLE public."RecordEquity" OWNER TO postgres;

--
-- Name: RecordEquity_id_seq; Type: SEQUENCE; Schema: public; Owner: postgres
--

CREATE SEQUENCE public."RecordEquity_id_seq"
    AS integer
    START WITH 1
    INCREMENT BY 1
    NO MINVALUE
    NO MAXVALUE
    CACHE 1;


ALTER TABLE public."RecordEquity_id_seq" OWNER TO postgres;

--
-- Name: RecordEquity_id_seq; Type: SEQUENCE OWNED BY; Schema: public; Owner: postgres
--

ALTER SEQUENCE public."RecordEquity_id_seq" OWNED BY public."RecordEquity".id;


--
-- Name: RecordProduct; Type: TABLE; Schema: public; Owner: postgres
--

CREATE TABLE public."RecordProduct" (
    date timestamp(3) without time zone DEFAULT CURRENT_TIMESTAMP NOT NULL,
    hpp numeric(65,30) DEFAULT 0 NOT NULL
);


ALTER TABLE public."RecordProduct" OWNER TO postgres;

--
-- Name: StockItem; Type: TABLE; Schema: public; Owner: postgres
--

CREATE TABLE public."StockItem" (
    id integer NOT NULL,
    "createdAt" timestamp(3) without time zone DEFAULT CURRENT_TIMESTAMP NOT NULL,
    "updatedAt" timestamp(3) without time zone NOT NULL,
    "authorId" integer NOT NULL,
    "productId" integer NOT NULL,
    "orderId" integer NOT NULL,
    "buyPrice" numeric(65,30) NOT NULL,
    "sellPrice" numeric(65,30) NOT NULL,
    discount integer DEFAULT 0 NOT NULL,
    quantity integer DEFAULT 0 NOT NULL,
    available integer DEFAULT 0 NOT NULL,
    sold integer DEFAULT 0 NOT NULL,
    defect integer DEFAULT 0 NOT NULL,
    returned integer DEFAULT 0 NOT NULL
);


ALTER TABLE public."StockItem" OWNER TO postgres;

--
-- Name: StockItem_id_seq; Type: SEQUENCE; Schema: public; Owner: postgres
--

CREATE SEQUENCE public."StockItem_id_seq"
    AS integer
    START WITH 1
    INCREMENT BY 1
    NO MINVALUE
    NO MAXVALUE
    CACHE 1;


ALTER TABLE public."StockItem_id_seq" OWNER TO postgres;

--
-- Name: StockItem_id_seq; Type: SEQUENCE OWNED BY; Schema: public; Owner: postgres
--

ALTER SEQUENCE public."StockItem_id_seq" OWNED BY public."StockItem".id;


--
-- Name: Tool; Type: TABLE; Schema: public; Owner: postgres
--

CREATE TABLE public."Tool" (
    id integer NOT NULL,
    "createdAt" timestamp(3) without time zone DEFAULT CURRENT_TIMESTAMP NOT NULL,
    "updatedAt" timestamp(3) without time zone NOT NULL,
    title character varying(255) NOT NULL,
    description text
);


ALTER TABLE public."Tool" OWNER TO postgres;

--
-- Name: Tool_id_seq; Type: SEQUENCE; Schema: public; Owner: postgres
--

CREATE SEQUENCE public."Tool_id_seq"
    AS integer
    START WITH 1
    INCREMENT BY 1
    NO MINVALUE
    NO MAXVALUE
    CACHE 1;


ALTER TABLE public."Tool_id_seq" OWNER TO postgres;

--
-- Name: Tool_id_seq; Type: SEQUENCE OWNED BY; Schema: public; Owner: postgres
--

ALTER SEQUENCE public."Tool_id_seq" OWNED BY public."Tool".id;


--
-- Name: Transaction; Type: TABLE; Schema: public; Owner: postgres
--

CREATE TABLE public."Transaction" (
    id integer NOT NULL,
    "createdAt" timestamp(3) without time zone DEFAULT CURRENT_TIMESTAMP NOT NULL,
    "updatedAt" timestamp(3) without time zone NOT NULL,
    "authorId" integer NOT NULL,
    type public."TransactionType" NOT NULL,
    status public."TransactionStatus" NOT NULL,
    "paymentMethod" public."PaymentMethod" NOT NULL,
    nominal numeric(65,30) NOT NULL,
    "orderId" integer,
    "delayId" integer,
    "opexId" integer,
    "toolId" integer,
    "equityChangeId" integer,
    "investmentId" integer,
    "pengembalianModalFlag" integer,
    description text
);


ALTER TABLE public."Transaction" OWNER TO postgres;

--
-- Name: Transaction_id_seq; Type: SEQUENCE; Schema: public; Owner: postgres
--

CREATE SEQUENCE public."Transaction_id_seq"
    AS integer
    START WITH 1
    INCREMENT BY 1
    NO MINVALUE
    NO MAXVALUE
    CACHE 1;


ALTER TABLE public."Transaction_id_seq" OWNER TO postgres;

--
-- Name: Transaction_id_seq; Type: SEQUENCE OWNED BY; Schema: public; Owner: postgres
--

ALTER SEQUENCE public."Transaction_id_seq" OWNED BY public."Transaction".id;


--
-- Name: User; Type: TABLE; Schema: public; Owner: postgres
--

CREATE TABLE public."User" (
    id integer NOT NULL,
    name character varying(255) NOT NULL,
    username text,
    password text,
    role public."Role" NOT NULL,
    address text,
    mobile text,
    email text
);


ALTER TABLE public."User" OWNER TO postgres;

--
-- Name: User_id_seq; Type: SEQUENCE; Schema: public; Owner: postgres
--

CREATE SEQUENCE public."User_id_seq"
    AS integer
    START WITH 1
    INCREMENT BY 1
    NO MINVALUE
    NO MAXVALUE
    CACHE 1;


ALTER TABLE public."User_id_seq" OWNER TO postgres;

--
-- Name: User_id_seq; Type: SEQUENCE OWNED BY; Schema: public; Owner: postgres
--

ALTER SEQUENCE public."User_id_seq" OWNED BY public."User".id;


--
-- Name: _ProductToProductCategory; Type: TABLE; Schema: public; Owner: postgres
--

CREATE TABLE public."_ProductToProductCategory" (
    "A" integer NOT NULL,
    "B" integer NOT NULL
);


ALTER TABLE public."_ProductToProductCategory" OWNER TO postgres;

--
-- Name: Delay id; Type: DEFAULT; Schema: public; Owner: postgres
--

ALTER TABLE ONLY public."Delay" ALTER COLUMN id SET DEFAULT nextval('public."Delay_id_seq"'::regclass);


--
-- Name: EquityChange id; Type: DEFAULT; Schema: public; Owner: postgres
--

ALTER TABLE ONLY public."EquityChange" ALTER COLUMN id SET DEFAULT nextval('public."EquityChange_id_seq"'::regclass);


--
-- Name: Investment id; Type: DEFAULT; Schema: public; Owner: postgres
--

ALTER TABLE ONLY public."Investment" ALTER COLUMN id SET DEFAULT nextval('public."Investment_id_seq"'::regclass);


--
-- Name: Opex id; Type: DEFAULT; Schema: public; Owner: postgres
--

ALTER TABLE ONLY public."Opex" ALTER COLUMN id SET DEFAULT nextval('public."Opex_id_seq"'::regclass);


--
-- Name: Order id; Type: DEFAULT; Schema: public; Owner: postgres
--

ALTER TABLE ONLY public."Order" ALTER COLUMN id SET DEFAULT nextval('public."Order_id_seq"'::regclass);


--
-- Name: OrderItem id; Type: DEFAULT; Schema: public; Owner: postgres
--

ALTER TABLE ONLY public."OrderItem" ALTER COLUMN id SET DEFAULT nextval('public."OrderItem_id_seq"'::regclass);


--
-- Name: Product id; Type: DEFAULT; Schema: public; Owner: postgres
--

ALTER TABLE ONLY public."Product" ALTER COLUMN id SET DEFAULT nextval('public."Product_id_seq"'::regclass);


--
-- Name: ProductCategory id; Type: DEFAULT; Schema: public; Owner: postgres
--

ALTER TABLE ONLY public."ProductCategory" ALTER COLUMN id SET DEFAULT nextval('public."ProductCategory_id_seq"'::regclass);


--
-- Name: RecordEquity id; Type: DEFAULT; Schema: public; Owner: postgres
--

ALTER TABLE ONLY public."RecordEquity" ALTER COLUMN id SET DEFAULT nextval('public."RecordEquity_id_seq"'::regclass);


--
-- Name: StockItem id; Type: DEFAULT; Schema: public; Owner: postgres
--

ALTER TABLE ONLY public."StockItem" ALTER COLUMN id SET DEFAULT nextval('public."StockItem_id_seq"'::regclass);


--
-- Name: Tool id; Type: DEFAULT; Schema: public; Owner: postgres
--

ALTER TABLE ONLY public."Tool" ALTER COLUMN id SET DEFAULT nextval('public."Tool_id_seq"'::regclass);


--
-- Name: Transaction id; Type: DEFAULT; Schema: public; Owner: postgres
--

ALTER TABLE ONLY public."Transaction" ALTER COLUMN id SET DEFAULT nextval('public."Transaction_id_seq"'::regclass);


--
-- Name: User id; Type: DEFAULT; Schema: public; Owner: postgres
--

ALTER TABLE ONLY public."User" ALTER COLUMN id SET DEFAULT nextval('public."User_id_seq"'::regclass);


--
-- Data for Name: Delay; Type: TABLE DATA; Schema: public; Owner: postgres
--

COPY public."Delay" (id, "createdAt", "updatedAt", "authorId", type, "orderId", "dueDate", total, complete) FROM stdin;
\.


--
-- Data for Name: EquityChange; Type: TABLE DATA; Schema: public; Owner: postgres
--

COPY public."EquityChange" (id, "user", "createdAt") FROM stdin;
1	Admin Zero	2015-01-14 00:00:00
\.


--
-- Data for Name: FinanceReport; Type: TABLE DATA; Schema: public; Owner: postgres
--

COPY public."FinanceReport" (target, "totalPenjualan", hpp, "labaKotor", opex, "labaSebelumPajak", pajak, "labaBersih", kas, piutang, persediaan, "aktivaLancar", peralatan, "akumulasiPeralatan", "aktivaTetap", passiva, "utangDagang", "modalAwal", "modalAkhir", "totalRetur", "pembelianBarangDagang", "totalBiayaPengeluaran", "pajakUsaha", prive, "kendaraanBaru", investasi, "penambahanModalUsaha", roc, "arusKasOperasional", "arusKasInvestasi") FROM stdin;
2021-01-30 16:00:00	25712000.000000000000000000000000000000	0.000000000000000000000000000000	25712000.000000000000000000000000000000	\N	21168250.000000000000000000000000000000	54000.000000000000000000000000000000	21114250.000000000000000000000000000000	25712000.000000000000000000000000000000	0.000000000000000000000000000000	36132500.000000000000000000000000000000	61844500.000000000000000000000000000000	0.000000000000000000000000000000	0.000000000000000000000000000000	0.000000000000000000000000000000	71114250.000000000000000000000000000000	0.000000000000000000000000000000	50000000.000000000000000000000000000000	71114250.000000000000000000000000000000	0.000000000000000000000000000000	27960000.000000000000000000000000000000	4543750.000000000000000000000000000000	\N	\N	\N	0.000000000000000000000000000000	\N	0.000000000000000000000000000000	-6845750.000000000000000000000000000000	0.000000000000000000000000000000
\.


--
-- Data for Name: Investment; Type: TABLE DATA; Schema: public; Owner: postgres
--

COPY public."Investment" (id, title, "createdAt", "updatedAt", description) FROM stdin;
\.


--
-- Data for Name: Opex; Type: TABLE DATA; Schema: public; Owner: postgres
--

COPY public."Opex" (id, "createdAt", "updatedAt", title, description) FROM stdin;
1	2021-11-12 22:43:51.23	2021-11-12 22:43:51.23	Pembayaran Bensin Kendaraan	
2	2021-11-12 22:43:51.23	2021-11-12 22:43:51.23	Pembayaran BPJS Kesehatan	
3	2021-11-12 22:43:51.23	2021-11-12 22:43:51.23	Pembayaran Lainnya	
4	2021-11-12 22:43:51.23	2021-11-12 22:43:51.23	Pembayaran PDAM	
5	2021-11-12 22:43:51.23	2021-11-12 22:43:51.23	Pembayaran KIR Kendaran	
6	2021-11-12 22:43:51.231	2021-11-12 22:43:51.231	Pembayaran Ekspedisi	
7	2021-11-12 22:43:51.231	2021-11-12 22:43:51.231	Pembayaran Indihome	
8	2021-11-12 22:43:51.231	2021-11-12 22:43:51.231	Service Kendaraan	
9	2021-11-12 22:43:51.231	2021-11-12 22:43:51.231	Pembelian Peralatan Usaha	
10	2021-11-12 22:43:51.231	2021-11-12 22:43:51.231	Pembayaran Gaji Pegawai	
\.


--
-- Data for Name: Order; Type: TABLE DATA; Schema: public; Owner: postgres
--

COPY public."Order" (id, "createdAt", "updatedAt", "authorId", "targetUserId", "orderType", "orderStatus", "itemDiscount", tax, shipping, total, "subTotal", "grandTotal", discount, promo, description) FROM stdin;
1	2021-01-04 16:00:00	2021-11-12 22:43:52.023	1	2	SALE	SEALED	0.000000000000000000000000000000	0	0.000000000000000000000000000000	39000.000000000000000000000000000000	39000.000000000000000000000000000000	39000.000000000000000000000000000000	0	\N	
30	2021-01-10 16:00:00	2021-11-12 22:44:33.23	1	31	SALE	SEALED	0.000000000000000000000000000000	0	0.000000000000000000000000000000	376000.000000000000000000000000000000	376000.000000000000000000000000000000	376000.000000000000000000000000000000	0	\N	
26	2021-01-10 16:00:00	2021-11-12 22:44:25.7	1	27	SALE	SEALED	0.000000000000000000000000000000	0	0.000000000000000000000000000000	159000.000000000000000000000000000000	159000.000000000000000000000000000000	159000.000000000000000000000000000000	0	\N	
13	2021-01-06 16:00:00	2021-11-12 22:44:05.498	1	14	SALE	SEALED	0.000000000000000000000000000000	0	0.000000000000000000000000000000	142000.000000000000000000000000000000	142000.000000000000000000000000000000	142000.000000000000000000000000000000	0	\N	
2	2021-01-04 16:00:00	2021-11-12 22:43:53.056	1	3	SALE	SEALED	0.000000000000000000000000000000	0	0.000000000000000000000000000000	184500.000000000000000000000000000000	184500.000000000000000000000000000000	184500.000000000000000000000000000000	0	\N	
3	2021-01-04 16:00:00	2021-11-12 22:43:53.517	1	4	SALE	SEALED	0.000000000000000000000000000000	0	0.000000000000000000000000000000	90000.000000000000000000000000000000	90000.000000000000000000000000000000	90000.000000000000000000000000000000	0	\N	
4	2021-01-04 16:00:00	2021-11-12 22:43:54.017	1	5	SALE	SEALED	0.000000000000000000000000000000	0	0.000000000000000000000000000000	60000.000000000000000000000000000000	60000.000000000000000000000000000000	60000.000000000000000000000000000000	0	\N	
53	2021-01-22 16:00:00	2021-11-12 22:45:03.536	1	54	SALE	SEALED	0.000000000000000000000000000000	0	0.000000000000000000000000000000	108000.000000000000000000000000000000	108000.000000000000000000000000000000	108000.000000000000000000000000000000	0	\N	
14	2021-01-06 16:00:00	2021-11-12 22:44:06.503	1	15	SALE	SEALED	0.000000000000000000000000000000	0	0.000000000000000000000000000000	76000.000000000000000000000000000000	76000.000000000000000000000000000000	76000.000000000000000000000000000000	0	\N	
5	2021-01-04 16:00:00	2021-11-12 22:43:55.004	1	6	SALE	SEALED	0.000000000000000000000000000000	0	0.000000000000000000000000000000	379500.000000000000000000000000000000	379500.000000000000000000000000000000	379500.000000000000000000000000000000	0	\N	
19	2021-01-07 16:00:00	2021-11-12 22:44:17.925	1	20	SALE	SEALED	0.000000000000000000000000000000	0	0.000000000000000000000000000000	1227000.000000000000000000000000000000	1227000.000000000000000000000000000000	1227000.000000000000000000000000000000	0	\N	
6	2021-01-04 16:00:00	2021-11-12 22:43:56.06	1	7	SALE	SEALED	0.000000000000000000000000000000	0	0.000000000000000000000000000000	379500.000000000000000000000000000000	379500.000000000000000000000000000000	379500.000000000000000000000000000000	0	\N	
38	2021-01-14 16:00:00	2021-11-12 22:44:45.858	1	39	SALE	SEALED	0.000000000000000000000000000000	0	0.000000000000000000000000000000	198000.000000000000000000000000000000	198000.000000000000000000000000000000	198000.000000000000000000000000000000	0	\N	
7	2021-01-04 16:00:00	2021-11-12 22:43:56.763	1	8	SALE	SEALED	0.000000000000000000000000000000	0	0.000000000000000000000000000000	120000.000000000000000000000000000000	120000.000000000000000000000000000000	120000.000000000000000000000000000000	0	\N	
15	2021-01-06 16:00:00	2021-11-12 22:44:07.715	1	16	SALE	SEALED	0.000000000000000000000000000000	0	0.000000000000000000000000000000	627000.000000000000000000000000000000	627000.000000000000000000000000000000	627000.000000000000000000000000000000	0	\N	
20	2021-01-10 16:00:00	2021-11-12 22:44:18.4	1	21	SALE	SEALED	0.000000000000000000000000000000	0	0.000000000000000000000000000000	120000.000000000000000000000000000000	120000.000000000000000000000000000000	120000.000000000000000000000000000000	0	\N	
8	2021-01-04 16:00:00	2021-11-12 22:43:57.967	1	9	SALE	SEALED	0.000000000000000000000000000000	0	0.000000000000000000000000000000	255000.000000000000000000000000000000	255000.000000000000000000000000000000	255000.000000000000000000000000000000	0	\N	
35	2021-01-12 16:00:00	2021-11-12 22:44:40.475	1	36	SALE	SEALED	0.000000000000000000000000000000	0	0.000000000000000000000000000000	415000.000000000000000000000000000000	415000.000000000000000000000000000000	415000.000000000000000000000000000000	0	\N	
16	2021-01-07 16:00:00	2021-11-12 22:44:08.899	1	17	SALE	SEALED	0.000000000000000000000000000000	0	0.000000000000000000000000000000	276000.000000000000000000000000000000	276000.000000000000000000000000000000	276000.000000000000000000000000000000	0	\N	
27	2021-01-10 16:00:00	2021-11-12 22:44:27.408	1	28	SALE	SEALED	0.000000000000000000000000000000	0	0.000000000000000000000000000000	388500.000000000000000000000000000000	388500.000000000000000000000000000000	388500.000000000000000000000000000000	0	\N	
17	2021-01-07 16:00:00	2021-11-12 22:44:09.311	1	18	SALE	SEALED	0.000000000000000000000000000000	0	0.000000000000000000000000000000	165000.000000000000000000000000000000	165000.000000000000000000000000000000	165000.000000000000000000000000000000	0	\N	
9	2021-01-04 16:00:00	2021-11-12 22:44:00.255	1	10	SALE	SEALED	0.000000000000000000000000000000	0	0.000000000000000000000000000000	446000.000000000000000000000000000000	446000.000000000000000000000000000000	446000.000000000000000000000000000000	0	\N	
21	2021-01-10 16:00:00	2021-11-12 22:44:19.943	1	22	SALE	SEALED	0.000000000000000000000000000000	0	0.000000000000000000000000000000	292500.000000000000000000000000000000	292500.000000000000000000000000000000	292500.000000000000000000000000000000	0	\N	
51	2021-01-22 16:00:00	2021-11-12 22:45:02.21	1	52	SALE	SEALED	0.000000000000000000000000000000	0	0.000000000000000000000000000000	367500.000000000000000000000000000000	367500.000000000000000000000000000000	367500.000000000000000000000000000000	0	\N	
10	2021-01-04 16:00:00	2021-11-12 22:44:01.599	1	11	SALE	SEALED	0.000000000000000000000000000000	0	0.000000000000000000000000000000	751500.000000000000000000000000000000	751500.000000000000000000000000000000	751500.000000000000000000000000000000	0	\N	
22	2021-01-10 16:00:00	2021-11-12 22:44:20.373	1	23	SALE	SEALED	0.000000000000000000000000000000	0	0.000000000000000000000000000000	40000.000000000000000000000000000000	40000.000000000000000000000000000000	40000.000000000000000000000000000000	0	\N	
42	2021-01-18 16:00:00	2021-11-12 22:44:50.978	1	43	SALE	SEALED	0.000000000000000000000000000000	0	0.000000000000000000000000000000	216000.000000000000000000000000000000	216000.000000000000000000000000000000	216000.000000000000000000000000000000	0	\N	
23	2021-01-10 16:00:00	2021-11-12 22:44:21.053	1	24	SALE	SEALED	0.000000000000000000000000000000	0	0.000000000000000000000000000000	255000.000000000000000000000000000000	255000.000000000000000000000000000000	255000.000000000000000000000000000000	0	\N	
31	2021-01-12 16:00:00	2021-11-12 22:44:35.598	1	32	SALE	SEALED	0.000000000000000000000000000000	0	0.000000000000000000000000000000	563000.000000000000000000000000000000	563000.000000000000000000000000000000	563000.000000000000000000000000000000	0	\N	
11	2021-01-06 16:00:00	2021-11-12 22:44:03.876	1	12	SALE	SEALED	0.000000000000000000000000000000	0	0.000000000000000000000000000000	289500.000000000000000000000000000000	289500.000000000000000000000000000000	289500.000000000000000000000000000000	0	\N	
18	2021-01-07 16:00:00	2021-11-12 22:44:13.19	1	19	SALE	SEALED	0.000000000000000000000000000000	0	0.000000000000000000000000000000	966000.000000000000000000000000000000	966000.000000000000000000000000000000	966000.000000000000000000000000000000	0	\N	
12	2021-01-06 16:00:00	2021-11-12 22:44:04.579	1	13	SALE	SEALED	0.000000000000000000000000000000	0	0.000000000000000000000000000000	38500.000000000000000000000000000000	38500.000000000000000000000000000000	38500.000000000000000000000000000000	0	\N	
24	2021-01-10 16:00:00	2021-11-12 22:44:21.98	1	25	SALE	SEALED	0.000000000000000000000000000000	0	0.000000000000000000000000000000	111000.000000000000000000000000000000	111000.000000000000000000000000000000	111000.000000000000000000000000000000	0	\N	
28	2021-01-10 16:00:00	2021-11-12 22:44:29.291	1	29	SALE	SEALED	0.000000000000000000000000000000	0	0.000000000000000000000000000000	285000.000000000000000000000000000000	285000.000000000000000000000000000000	285000.000000000000000000000000000000	0	\N	
48	2021-01-19 16:00:00	2021-11-12 22:44:57.807	1	43	SALE	SEALED	0.000000000000000000000000000000	0	0.000000000000000000000000000000	321000.000000000000000000000000000000	321000.000000000000000000000000000000	321000.000000000000000000000000000000	0	\N	
39	2021-01-14 16:00:00	2021-11-12 22:44:47.226	1	40	SALE	SEALED	0.000000000000000000000000000000	0	0.000000000000000000000000000000	273000.000000000000000000000000000000	273000.000000000000000000000000000000	273000.000000000000000000000000000000	0	\N	
32	2021-01-12 16:00:00	2021-11-12 22:44:36.542	1	33	SALE	SEALED	0.000000000000000000000000000000	0	0.000000000000000000000000000000	336000.000000000000000000000000000000	336000.000000000000000000000000000000	336000.000000000000000000000000000000	0	\N	
43	2021-01-18 16:00:00	2021-11-12 22:44:51.4	1	44	SALE	SEALED	0.000000000000000000000000000000	0	0.000000000000000000000000000000	63000.000000000000000000000000000000	63000.000000000000000000000000000000	63000.000000000000000000000000000000	0	\N	
46	2021-01-18 16:00:00	2021-11-12 22:44:55.029	1	47	SALE	SEALED	0.000000000000000000000000000000	0	0.000000000000000000000000000000	362500.000000000000000000000000000000	362500.000000000000000000000000000000	362500.000000000000000000000000000000	0	\N	
29	2021-01-10 16:00:00	2021-11-12 22:44:31.555	1	30	SALE	SEALED	0.000000000000000000000000000000	0	0.000000000000000000000000000000	405000.000000000000000000000000000000	405000.000000000000000000000000000000	405000.000000000000000000000000000000	0	\N	
25	2021-01-10 16:00:00	2021-11-12 22:44:24.715	1	26	SALE	SEALED	0.000000000000000000000000000000	0	0.000000000000000000000000000000	603500.000000000000000000000000000000	603500.000000000000000000000000000000	603500.000000000000000000000000000000	0	\N	
36	2021-01-14 16:00:00	2021-11-12 22:44:43.069	1	37	SALE	SEALED	0.000000000000000000000000000000	0	0.000000000000000000000000000000	585000.000000000000000000000000000000	585000.000000000000000000000000000000	585000.000000000000000000000000000000	0	\N	
40	2021-01-14 16:00:00	2021-11-12 22:44:48.154	1	41	SALE	SEALED	0.000000000000000000000000000000	0	0.000000000000000000000000000000	165000.000000000000000000000000000000	165000.000000000000000000000000000000	165000.000000000000000000000000000000	0	\N	
33	2021-01-12 16:00:00	2021-11-12 22:44:38.663	1	34	SALE	SEALED	0.000000000000000000000000000000	0	0.000000000000000000000000000000	606000.000000000000000000000000000000	606000.000000000000000000000000000000	606000.000000000000000000000000000000	0	\N	
44	2021-01-18 16:00:00	2021-11-12 22:44:52.417	1	45	SALE	SEALED	0.000000000000000000000000000000	0	0.000000000000000000000000000000	87000.000000000000000000000000000000	87000.000000000000000000000000000000	87000.000000000000000000000000000000	0	\N	
34	2021-01-12 16:00:00	2021-11-12 22:44:39.104	1	35	SALE	SEALED	0.000000000000000000000000000000	0	0.000000000000000000000000000000	216000.000000000000000000000000000000	216000.000000000000000000000000000000	216000.000000000000000000000000000000	0	\N	
37	2021-01-14 16:00:00	2021-11-12 22:44:44.458	1	38	SALE	SEALED	0.000000000000000000000000000000	0	0.000000000000000000000000000000	609000.000000000000000000000000000000	609000.000000000000000000000000000000	609000.000000000000000000000000000000	0	\N	
56	2021-01-22 16:00:00	2021-11-12 22:45:07.381	1	57	SALE	SEALED	0.000000000000000000000000000000	0	0.000000000000000000000000000000	620500.000000000000000000000000000000	620500.000000000000000000000000000000	620500.000000000000000000000000000000	0	\N	
45	2021-01-18 16:00:00	2021-11-12 22:44:52.839	1	46	SALE	SEALED	0.000000000000000000000000000000	0	0.000000000000000000000000000000	45000.000000000000000000000000000000	45000.000000000000000000000000000000	45000.000000000000000000000000000000	0	\N	
41	2021-01-18 16:00:00	2021-11-12 22:44:49.808	1	42	SALE	SEALED	0.000000000000000000000000000000	0	0.000000000000000000000000000000	442500.000000000000000000000000000000	442500.000000000000000000000000000000	442500.000000000000000000000000000000	0	\N	
50	2021-01-19 16:00:00	2021-11-12 22:45:00.796	1	51	SALE	SEALED	0.000000000000000000000000000000	0	0.000000000000000000000000000000	982500.000000000000000000000000000000	982500.000000000000000000000000000000	982500.000000000000000000000000000000	0	\N	
49	2021-01-19 16:00:00	2021-11-12 22:44:58.695	1	50	SALE	SEALED	0.000000000000000000000000000000	0	0.000000000000000000000000000000	265000.000000000000000000000000000000	265000.000000000000000000000000000000	265000.000000000000000000000000000000	0	\N	
47	2021-01-18 16:00:00	2021-11-12 22:44:56.159	1	48	SALE	SEALED	0.000000000000000000000000000000	0	0.000000000000000000000000000000	170000.000000000000000000000000000000	170000.000000000000000000000000000000	170000.000000000000000000000000000000	0	\N	
52	2021-01-22 16:00:00	2021-11-12 22:45:02.87	1	53	SALE	SEALED	0.000000000000000000000000000000	0	0.000000000000000000000000000000	630000.000000000000000000000000000000	630000.000000000000000000000000000000	630000.000000000000000000000000000000	0	\N	
55	2021-01-22 16:00:00	2021-11-12 22:45:05.302	1	56	SALE	SEALED	0.000000000000000000000000000000	0	0.000000000000000000000000000000	72000.000000000000000000000000000000	72000.000000000000000000000000000000	72000.000000000000000000000000000000	0	\N	
63	2021-01-26 16:00:00	2021-11-12 22:45:17.77	1	11	SALE	SEALED	0.000000000000000000000000000000	0	0.000000000000000000000000000000	756500.000000000000000000000000000000	756500.000000000000000000000000000000	756500.000000000000000000000000000000	0	\N	
54	2021-01-22 16:00:00	2021-11-12 22:45:04.655	1	55	SALE	SEALED	0.000000000000000000000000000000	0	0.000000000000000000000000000000	186000.000000000000000000000000000000	186000.000000000000000000000000000000	186000.000000000000000000000000000000	0	\N	
57	2021-01-24 16:00:00	2021-11-12 22:45:08.022	1	58	SALE	SEALED	0.000000000000000000000000000000	0	0.000000000000000000000000000000	630000.000000000000000000000000000000	630000.000000000000000000000000000000	630000.000000000000000000000000000000	0	\N	
58	2021-01-24 16:00:00	2021-11-12 22:45:09.141	1	59	SALE	SEALED	0.000000000000000000000000000000	0	0.000000000000000000000000000000	333000.000000000000000000000000000000	333000.000000000000000000000000000000	333000.000000000000000000000000000000	0	\N	
59	2021-01-24 16:00:00	2021-11-12 22:45:10.282	1	60	SALE	SEALED	0.000000000000000000000000000000	0	0.000000000000000000000000000000	261000.000000000000000000000000000000	261000.000000000000000000000000000000	261000.000000000000000000000000000000	0	\N	
60	2021-01-24 16:00:00	2021-11-12 22:45:10.937	1	52	SALE	SEALED	0.000000000000000000000000000000	0	0.000000000000000000000000000000	60000.000000000000000000000000000000	60000.000000000000000000000000000000	60000.000000000000000000000000000000	0	\N	
61	2021-01-24 16:00:00	2021-11-12 22:45:12.32	1	62	SALE	SEALED	0.000000000000000000000000000000	0	0.000000000000000000000000000000	456500.000000000000000000000000000000	456500.000000000000000000000000000000	456500.000000000000000000000000000000	0	\N	
62	2021-01-26 16:00:00	2021-11-12 22:45:15.151	1	9	SALE	SEALED	0.000000000000000000000000000000	0	0.000000000000000000000000000000	649000.000000000000000000000000000000	649000.000000000000000000000000000000	649000.000000000000000000000000000000	0	\N	
66	2021-01-26 16:00:00	2021-11-12 22:45:24.285	1	67	SALE	SEALED	0.000000000000000000000000000000	0	0.000000000000000000000000000000	462000.000000000000000000000000000000	462000.000000000000000000000000000000	462000.000000000000000000000000000000	0	\N	
64	2021-01-26 16:00:00	2021-11-12 22:45:20.591	1	65	SALE	SEALED	0.000000000000000000000000000000	0	0.000000000000000000000000000000	2334000.000000000000000000000000000000	2334000.000000000000000000000000000000	2334000.000000000000000000000000000000	0	\N	
65	2021-01-26 16:00:00	2021-11-12 22:45:21.469	1	66	SALE	SEALED	0.000000000000000000000000000000	0	0.000000000000000000000000000000	105000.000000000000000000000000000000	105000.000000000000000000000000000000	105000.000000000000000000000000000000	0	\N	
67	2021-01-26 16:00:00	2021-11-12 22:45:26.595	1	68	SALE	SEALED	0.000000000000000000000000000000	0	0.000000000000000000000000000000	540000.000000000000000000000000000000	540000.000000000000000000000000000000	540000.000000000000000000000000000000	0	\N	
68	2021-01-28 16:00:00	2021-11-12 22:45:27.802	1	69	SALE	SEALED	0.000000000000000000000000000000	0	0.000000000000000000000000000000	361000.000000000000000000000000000000	361000.000000000000000000000000000000	361000.000000000000000000000000000000	0	\N	
69	2021-01-28 16:00:00	2021-11-12 22:45:29.395	1	70	SALE	SEALED	0.000000000000000000000000000000	0	0.000000000000000000000000000000	312000.000000000000000000000000000000	312000.000000000000000000000000000000	312000.000000000000000000000000000000	0	\N	
70	2021-01-28 16:00:00	2021-11-12 22:45:29.924	1	71	SALE	OPEN	0.000000000000000000000000000000	0	0.000000000000000000000000000000	60000.000000000000000000000000000000	60000.000000000000000000000000000000	60000.000000000000000000000000000000	0	\N	
\.


--
-- Data for Name: OrderItem; Type: TABLE DATA; Schema: public; Owner: postgres
--

COPY public."OrderItem" (id, "createdAt", "updatedAt", "authorId", "productId", "orderId", "buyPrice", "sellPrice", quantity, discount, description) FROM stdin;
1	2021-11-12 22:43:51.686	2021-11-12 22:43:51.688	1	129	1	35000.000000000000000000000000000000	39000.000000000000000000000000000000	1	0	\N
2	2021-11-12 22:43:52.251	2021-11-12 22:43:52.252	1	111	2	3500.000000000000000000000000000000	7500.000000000000000000000000000000	6	0	\N
3	2021-11-12 22:43:52.499	2021-11-12 22:43:52.501	1	171	2	23000.000000000000000000000000000000	27000.000000000000000000000000000000	1	0	\N
4	2021-11-12 22:43:52.744	2021-11-12 22:43:52.746	1	133	2	14750.000000000000000000000000000000	18750.000000000000000000000000000000	6	0	\N
5	2021-11-12 22:43:53.224	2021-11-12 22:43:53.226	1	111	3	3500.000000000000000000000000000000	7500.000000000000000000000000000000	12	0	\N
6	2021-11-12 22:43:53.757	2021-11-12 22:43:53.759	1	65	4	16000.000000000000000000000000000000	20000.000000000000000000000000000000	3	0	\N
7	2021-11-12 22:43:54.188	2021-11-12 22:43:54.19	1	65	5	16000.000000000000000000000000000000	20000.000000000000000000000000000000	6	0	\N
8	2021-11-12 22:43:54.49	2021-11-12 22:43:54.492	1	135	5	20500.000000000000000000000000000000	24500.000000000000000000000000000000	6	0	\N
9	2021-11-12 22:43:54.729	2021-11-12 22:43:54.73	1	133	5	14750.000000000000000000000000000000	18750.000000000000000000000000000000	6	0	\N
10	2021-11-12 22:43:55.214	2021-11-12 22:43:55.216	1	65	6	16000.000000000000000000000000000000	20000.000000000000000000000000000000	6	0	\N
11	2021-11-12 22:43:55.454	2021-11-12 22:43:55.456	1	135	6	20500.000000000000000000000000000000	24500.000000000000000000000000000000	6	0	\N
12	2021-11-12 22:43:55.726	2021-11-12 22:43:55.728	1	133	6	14750.000000000000000000000000000000	18750.000000000000000000000000000000	6	0	\N
13	2021-11-12 22:43:56.227	2021-11-12 22:43:56.229	1	105	7	6000.000000000000000000000000000000	10000.000000000000000000000000000000	6	0	\N
14	2021-11-12 22:43:56.469	2021-11-12 22:43:56.471	1	106	7	6000.000000000000000000000000000000	10000.000000000000000000000000000000	6	0	\N
15	2021-11-12 22:43:56.948	2021-11-12 22:43:56.95	1	55	8	8000.000000000000000000000000000000	12000.000000000000000000000000000000	3	0	\N
16	2021-11-12 22:43:57.214	2021-11-12 22:43:57.216	1	82	8	8500.000000000000000000000000000000	12500.000000000000000000000000000000	6	0	\N
17	2021-11-12 22:43:57.486	2021-11-12 22:43:57.487	1	157	8	48500.000000000000000000000000000000	52500.000000000000000000000000000000	2	0	\N
18	2021-11-12 22:43:57.705	2021-11-12 22:43:57.707	1	154	8	35000.000000000000000000000000000000	39000.000000000000000000000000000000	1	0	\N
19	2021-11-12 22:43:58.178	2021-11-12 22:43:58.179	1	58	9	16000.000000000000000000000000000000	20000.000000000000000000000000000000	1	0	\N
20	2021-11-12 22:43:58.414	2021-11-12 22:43:58.416	1	57	9	44000.000000000000000000000000000000	48000.000000000000000000000000000000	1	0	\N
21	2021-11-12 22:43:58.66	2021-11-12 22:43:58.661	1	43	9	68000.000000000000000000000000000000	72000.000000000000000000000000000000	1	0	\N
22	2021-11-12 22:43:58.923	2021-11-12 22:43:58.925	1	84	9	6500.000000000000000000000000000000	10500.000000000000000000000000000000	6	0	\N
23	2021-11-12 22:43:59.18	2021-11-12 22:43:59.182	1	85	9	6500.000000000000000000000000000000	10500.000000000000000000000000000000	6	0	\N
24	2021-11-12 22:43:59.416	2021-11-12 22:43:59.418	1	87	9	11500.000000000000000000000000000000	15500.000000000000000000000000000000	6	0	\N
25	2021-11-12 22:43:59.726	2021-11-12 22:43:59.727	1	155	9	38000.000000000000000000000000000000	42000.000000000000000000000000000000	1	0	\N
26	2021-11-12 22:43:59.97	2021-11-12 22:43:59.972	1	187	9	18500.000000000000000000000000000000	22500.000000000000000000000000000000	2	0	\N
27	2021-11-12 22:44:00.487	2021-11-12 22:44:00.489	1	157	10	48500.000000000000000000000000000000	52500.000000000000000000000000000000	1	0	\N
28	2021-11-12 22:44:00.735	2021-11-12 22:44:00.736	1	135	10	20500.000000000000000000000000000000	24500.000000000000000000000000000000	12	0	\N
29	2021-11-12 22:44:01.055	2021-11-12 22:44:01.056	1	134	10	18500.000000000000000000000000000000	20000.000000000000000000000000000000	9	0	\N
30	2021-11-12 22:44:01.338	2021-11-12 22:44:01.34	1	133	10	14750.000000000000000000000000000000	18750.000000000000000000000000000000	12	0	\N
31	2021-11-12 22:44:01.769	2021-11-12 22:44:01.77	1	96	11	11000.000000000000000000000000000000	15000.000000000000000000000000000000	2	0	\N
32	2021-11-12 22:44:02.034	2021-11-12 22:44:02.035	1	97	11	11000.000000000000000000000000000000	15000.000000000000000000000000000000	2	0	\N
33	2021-11-12 22:44:02.295	2021-11-12 22:44:02.297	1	98	11	11000.000000000000000000000000000000	15000.000000000000000000000000000000	2	0	\N
34	2021-11-12 22:44:02.52	2021-11-12 22:44:02.521	1	99	11	13500.000000000000000000000000000000	17500.000000000000000000000000000000	2	0	\N
35	2021-11-12 22:44:02.806	2021-11-12 22:44:02.807	1	100	11	13500.000000000000000000000000000000	17500.000000000000000000000000000000	2	0	\N
36	2021-11-12 22:44:03.048	2021-11-12 22:44:03.05	1	101	11	13500.000000000000000000000000000000	17500.000000000000000000000000000000	2	0	\N
37	2021-11-12 22:44:03.334	2021-11-12 22:44:03.335	1	120	11	9500.000000000000000000000000000000	13500.000000000000000000000000000000	3	0	\N
38	2021-11-12 22:44:03.618	2021-11-12 22:44:03.619	1	171	11	23000.000000000000000000000000000000	27000.000000000000000000000000000000	2	0	\N
39	2021-11-12 22:44:04.053	2021-11-12 22:44:04.054	1	3	12	8500.000000000000000000000000000000	12500.000000000000000000000000000000	2	0	\N
40	2021-11-12 22:44:04.326	2021-11-12 22:44:04.327	1	120	12	9500.000000000000000000000000000000	13500.000000000000000000000000000000	1	0	\N
41	2021-11-12 22:44:04.726	2021-11-12 22:44:04.728	1	2	13	2000.000000000000000000000000000000	6000.000000000000000000000000000000	12	0	\N
42	2021-11-12 22:44:05.014	2021-11-12 22:44:05.015	1	173	13	21000.000000000000000000000000000000	25000.000000000000000000000000000000	1	0	\N
43	2021-11-12 22:44:05.242	2021-11-12 22:44:05.244	1	139	13	3500.000000000000000000000000000000	7500.000000000000000000000000000000	6	0	\N
44	2021-11-12 22:44:05.699	2021-11-12 22:44:05.7	1	10	14	20000.000000000000000000000000000000	24000.000000000000000000000000000000	1	0	\N
45	2021-11-12 22:44:05.959	2021-11-12 22:44:05.961	1	31	14	23000.000000000000000000000000000000	27000.000000000000000000000000000000	1	0	\N
46	2021-11-12 22:44:06.204	2021-11-12 22:44:06.205	1	174	14	21000.000000000000000000000000000000	25000.000000000000000000000000000000	1	0	\N
47	2021-11-12 22:44:06.714	2021-11-12 22:44:06.715	1	65	15	16000.000000000000000000000000000000	20000.000000000000000000000000000000	6	0	\N
48	2021-11-12 22:44:06.94	2021-11-12 22:44:06.942	1	66	15	18500.000000000000000000000000000000	22500.000000000000000000000000000000	6	0	\N
49	2021-11-12 22:44:07.182	2021-11-12 22:44:07.183	1	135	15	20500.000000000000000000000000000000	24500.000000000000000000000000000000	6	0	\N
50	2021-11-12 22:44:07.474	2021-11-12 22:44:07.475	1	133	15	14750.000000000000000000000000000000	18750.000000000000000000000000000000	12	0	\N
51	2021-11-12 22:44:07.874	2021-11-12 22:44:07.875	1	84	16	6500.000000000000000000000000000000	10500.000000000000000000000000000000	6	0	\N
52	2021-11-12 22:44:08.146	2021-11-12 22:44:08.147	1	87	16	11500.000000000000000000000000000000	15500.000000000000000000000000000000	6	0	\N
53	2021-11-12 22:44:08.379	2021-11-12 22:44:08.381	1	105	16	6000.000000000000000000000000000000	10000.000000000000000000000000000000	6	0	\N
54	2021-11-12 22:44:08.609	2021-11-12 22:44:08.611	1	106	16	6000.000000000000000000000000000000	10000.000000000000000000000000000000	6	0	\N
55	2021-11-12 22:44:09.056	2021-11-12 22:44:09.058	1	188	17	14000.000000000000000000000000000000	27500.000000000000000000000000000000	6	0	\N
56	2021-11-12 22:44:09.509	2021-11-12 22:44:09.511	1	32	18	68000.000000000000000000000000000000	72000.000000000000000000000000000000	1	0	\N
57	2021-11-12 22:44:09.729	2021-11-12 22:44:09.731	1	34	18	86000.000000000000000000000000000000	90000.000000000000000000000000000000	1	0	\N
58	2021-11-12 22:44:09.975	2021-11-12 22:44:09.976	1	58	18	16000.000000000000000000000000000000	20000.000000000000000000000000000000	2	0	\N
59	2021-11-12 22:44:10.257	2021-11-12 22:44:10.259	1	123	18	71000.000000000000000000000000000000	75000.000000000000000000000000000000	1	0	\N
60	2021-11-12 22:44:10.48	2021-11-12 22:44:10.482	1	124	18	68000.000000000000000000000000000000	72000.000000000000000000000000000000	1	0	\N
61	2021-11-12 22:44:10.73	2021-11-12 22:44:10.731	1	142	18	44000.000000000000000000000000000000	48000.000000000000000000000000000000	1	0	\N
62	2021-11-12 22:44:11.049	2021-11-12 22:44:11.051	1	141	18	44000.000000000000000000000000000000	48000.000000000000000000000000000000	1	0	\N
63	2021-11-12 22:44:11.292	2021-11-12 22:44:11.293	1	148	18	38000.000000000000000000000000000000	42000.000000000000000000000000000000	1	0	\N
64	2021-11-12 22:44:11.564	2021-11-12 22:44:11.568	1	149	18	38000.000000000000000000000000000000	42000.000000000000000000000000000000	1	0	\N
65	2021-11-12 22:44:11.854	2021-11-12 22:44:11.856	1	150	18	51000.000000000000000000000000000000	55000.000000000000000000000000000000	1	0	\N
66	2021-11-12 22:44:12.118	2021-11-12 22:44:12.12	1	152	18	106000.000000000000000000000000000000	110000.000000000000000000000000000000	2	0	\N
67	2021-11-12 22:44:12.363	2021-11-12 22:44:12.365	1	164	18	-1000.000000000000000000000000000000	3000.000000000000000000000000000000	24	0	\N
68	2021-11-12 22:44:12.677	2021-11-12 22:44:12.679	1	166	18	-1500.000000000000000000000000000000	2500.000000000000000000000000000000	12	0	\N
69	2021-11-12 22:44:12.924	2021-11-12 22:44:12.926	1	138	18	56000.000000000000000000000000000000	60000.000000000000000000000000000000	1	0	\N
70	2021-11-12 22:44:13.409	2021-11-12 22:44:13.411	1	2	19	2000.000000000000000000000000000000	6000.000000000000000000000000000000	24	0	\N
71	2021-11-12 22:44:13.628	2021-11-12 22:44:13.63	1	35	19	92000.000000000000000000000000000000	96000.000000000000000000000000000000	1	0	\N
72	2021-11-12 22:44:13.859	2021-11-12 22:44:13.862	1	32	19	68000.000000000000000000000000000000	72000.000000000000000000000000000000	1	0	\N
73	2021-11-12 22:44:14.134	2021-11-12 22:44:14.135	1	36	19	86000.000000000000000000000000000000	90000.000000000000000000000000000000	1	0	\N
74	2021-11-12 22:44:14.398	2021-11-12 22:44:14.4	1	141	19	44000.000000000000000000000000000000	48000.000000000000000000000000000000	1	0	\N
75	2021-11-12 22:44:14.634	2021-11-12 22:44:14.636	1	142	19	44000.000000000000000000000000000000	48000.000000000000000000000000000000	2	0	\N
76	2021-11-12 22:44:14.91	2021-11-12 22:44:14.911	1	148	19	38000.000000000000000000000000000000	42000.000000000000000000000000000000	1	0	\N
77	2021-11-12 22:44:15.129	2021-11-12 22:44:15.131	1	149	19	38000.000000000000000000000000000000	42000.000000000000000000000000000000	1	0	\N
78	2021-11-12 22:44:15.504	2021-11-12 22:44:15.506	1	150	19	51000.000000000000000000000000000000	55000.000000000000000000000000000000	1	0	\N
79	2021-11-12 22:44:15.791	2021-11-12 22:44:15.792	1	145	19	95000.000000000000000000000000000000	99000.000000000000000000000000000000	1	0	\N
80	2021-11-12 22:44:16.061	2021-11-12 22:44:16.063	1	151	19	51000.000000000000000000000000000000	55000.000000000000000000000000000000	1	0	\N
81	2021-11-12 22:44:16.304	2021-11-12 22:44:16.306	1	152	19	106000.000000000000000000000000000000	110000.000000000000000000000000000000	1	0	\N
82	2021-11-12 22:44:16.581	2021-11-12 22:44:16.583	1	153	19	116000.000000000000000000000000000000	120000.000000000000000000000000000000	1	0	\N
83	2021-11-12 22:44:16.829	2021-11-12 22:44:16.83	1	164	19	-1000.000000000000000000000000000000	3000.000000000000000000000000000000	12	0	\N
84	2021-11-12 22:44:17.091	2021-11-12 22:44:17.092	1	162	19	-1000.000000000000000000000000000000	3000.000000000000000000000000000000	24	0	\N
85	2021-11-12 22:44:17.373	2021-11-12 22:44:17.375	1	173	19	21000.000000000000000000000000000000	25000.000000000000000000000000000000	1	0	\N
86	2021-11-12 22:44:17.624	2021-11-12 22:44:17.625	1	174	19	21000.000000000000000000000000000000	25000.000000000000000000000000000000	1	0	\N
87	2021-11-12 22:44:18.145	2021-11-12 22:44:18.147	1	65	20	16000.000000000000000000000000000000	20000.000000000000000000000000000000	6	0	\N
88	2021-11-12 22:44:18.586	2021-11-12 22:44:18.588	1	10	21	20000.000000000000000000000000000000	24000.000000000000000000000000000000	1	0	\N
89	2021-11-12 22:44:18.858	2021-11-12 22:44:18.859	1	29	21	9750.000000000000000000000000000000	13750.000000000000000000000000000000	6	0	\N
90	2021-11-12 22:44:19.162	2021-11-12 22:44:19.163	1	84	21	6500.000000000000000000000000000000	10500.000000000000000000000000000000	6	0	\N
91	2021-11-12 22:44:19.397	2021-11-12 22:44:19.399	1	111	21	3500.000000000000000000000000000000	7500.000000000000000000000000000000	12	0	\N
92	2021-11-12 22:44:19.681	2021-11-12 22:44:19.683	1	119	21	1500.000000000000000000000000000000	5500.000000000000000000000000000000	6	0	\N
93	2021-11-12 22:44:20.098	2021-11-12 22:44:20.099	1	58	22	16000.000000000000000000000000000000	20000.000000000000000000000000000000	2	0	\N
94	2021-11-12 22:44:20.529	2021-11-12 22:44:20.531	1	66	23	18500.000000000000000000000000000000	22500.000000000000000000000000000000	6	0	\N
95	2021-11-12 22:44:20.763	2021-11-12 22:44:20.765	1	65	23	16000.000000000000000000000000000000	20000.000000000000000000000000000000	6	0	\N
96	2021-11-12 22:44:21.237	2021-11-12 22:44:21.238	1	22	24	2500.000000000000000000000000000000	6500.000000000000000000000000000000	6	0	\N
97	2021-11-12 22:44:21.464	2021-11-12 22:44:21.465	1	76	24	11000.000000000000000000000000000000	15000.000000000000000000000000000000	3	0	\N
98	2021-11-12 22:44:21.731	2021-11-12 22:44:21.732	1	120	24	9500.000000000000000000000000000000	13500.000000000000000000000000000000	2	0	\N
99	2021-11-12 22:44:22.138	2021-11-12 22:44:22.14	1	25	25	2000.000000000000000000000000000000	6000.000000000000000000000000000000	6	0	\N
100	2021-11-12 22:44:22.414	2021-11-12 22:44:22.415	1	63	25	43500.000000000000000000000000000000	47500.000000000000000000000000000000	1	0	\N
101	2021-11-12 22:44:22.654	2021-11-12 22:44:22.656	1	67	25	71000.000000000000000000000000000000	107500.000000000000000000000000000000	1	0	\N
102	2021-11-12 22:44:22.885	2021-11-12 22:44:22.886	1	82	25	8500.000000000000000000000000000000	12500.000000000000000000000000000000	6	0	\N
103	2021-11-12 22:44:23.166	2021-11-12 22:44:23.168	1	87	25	11500.000000000000000000000000000000	15500.000000000000000000000000000000	6	0	\N
104	2021-11-12 22:44:23.406	2021-11-12 22:44:23.409	1	56	25	8000.000000000000000000000000000000	12000.000000000000000000000000000000	1	0	\N
105	2021-11-12 22:44:23.648	2021-11-12 22:44:23.65	1	158	25	47000.000000000000000000000000000000	51000.000000000000000000000000000000	1	0	\N
106	2021-11-12 22:44:23.931	2021-11-12 22:44:23.933	1	120	25	9500.000000000000000000000000000000	13500.000000000000000000000000000000	1	0	\N
107	2021-11-12 22:44:24.169	2021-11-12 22:44:24.17	1	142	25	44000.000000000000000000000000000000	48000.000000000000000000000000000000	1	0	\N
108	2021-11-12 22:44:24.409	2021-11-12 22:44:24.41	1	134	25	18500.000000000000000000000000000000	20000.000000000000000000000000000000	6	0	\N
109	2021-11-12 22:44:24.881	2021-11-12 22:44:24.882	1	76	26	11000.000000000000000000000000000000	15000.000000000000000000000000000000	3	0	\N
110	2021-11-12 22:44:25.11	2021-11-12 22:44:25.112	1	84	26	6500.000000000000000000000000000000	10500.000000000000000000000000000000	6	0	\N
111	2021-11-12 22:44:25.378	2021-11-12 22:44:25.379	1	158	26	47000.000000000000000000000000000000	51000.000000000000000000000000000000	1	0	\N
112	2021-11-12 22:44:25.847	2021-11-12 22:44:25.848	1	32	27	68000.000000000000000000000000000000	72000.000000000000000000000000000000	1	0	\N
113	2021-11-12 22:44:26.121	2021-11-12 22:44:26.123	1	56	27	8000.000000000000000000000000000000	12000.000000000000000000000000000000	2	0	\N
114	2021-11-12 22:44:26.36	2021-11-12 22:44:26.362	1	110	27	56000.000000000000000000000000000000	60000.000000000000000000000000000000	1	0	\N
115	2021-11-12 22:44:26.602	2021-11-12 22:44:26.604	1	111	27	3500.000000000000000000000000000000	7500.000000000000000000000000000000	6	0	\N
116	2021-11-12 22:44:26.893	2021-11-12 22:44:26.895	1	187	27	18500.000000000000000000000000000000	22500.000000000000000000000000000000	3	0	\N
117	2021-11-12 22:44:27.146	2021-11-12 22:44:27.148	1	65	27	16000.000000000000000000000000000000	20000.000000000000000000000000000000	6	0	\N
118	2021-11-12 22:44:27.605	2021-11-12 22:44:27.607	1	105	28	6000.000000000000000000000000000000	10000.000000000000000000000000000000	6	0	\N
119	2021-11-12 22:44:27.819	2021-11-12 22:44:27.821	1	106	28	6000.000000000000000000000000000000	10000.000000000000000000000000000000	6	0	\N
120	2021-11-12 22:44:28.04	2021-11-12 22:44:28.041	1	96	28	11000.000000000000000000000000000000	15000.000000000000000000000000000000	2	0	\N
121	2021-11-12 22:44:28.305	2021-11-12 22:44:28.306	1	97	28	11000.000000000000000000000000000000	15000.000000000000000000000000000000	2	0	\N
122	2021-11-12 22:44:28.525	2021-11-12 22:44:28.527	1	98	28	11000.000000000000000000000000000000	15000.000000000000000000000000000000	2	0	\N
123	2021-11-12 22:44:28.751	2021-11-12 22:44:28.753	1	129	28	35000.000000000000000000000000000000	39000.000000000000000000000000000000	1	0	\N
124	2021-11-12 22:44:29.041	2021-11-12 22:44:29.042	1	130	28	32000.000000000000000000000000000000	36000.000000000000000000000000000000	1	0	\N
125	2021-11-12 22:44:29.493	2021-11-12 22:44:29.495	1	105	29	6000.000000000000000000000000000000	10000.000000000000000000000000000000	6	0	\N
126	2021-11-12 22:44:29.777	2021-11-12 22:44:29.778	1	106	29	6000.000000000000000000000000000000	10000.000000000000000000000000000000	6	0	\N
127	2021-11-12 22:44:30.002	2021-11-12 22:44:30.003	1	96	29	11000.000000000000000000000000000000	15000.000000000000000000000000000000	4	0	\N
128	2021-11-12 22:44:30.226	2021-11-12 22:44:30.227	1	97	29	11000.000000000000000000000000000000	15000.000000000000000000000000000000	4	0	\N
129	2021-11-12 22:44:30.506	2021-11-12 22:44:30.507	1	98	29	11000.000000000000000000000000000000	15000.000000000000000000000000000000	4	0	\N
130	2021-11-12 22:44:30.736	2021-11-12 22:44:30.738	1	99	29	13500.000000000000000000000000000000	17500.000000000000000000000000000000	2	0	\N
131	2021-11-12 22:44:30.959	2021-11-12 22:44:30.96	1	100	29	13500.000000000000000000000000000000	17500.000000000000000000000000000000	2	0	\N
132	2021-11-12 22:44:31.281	2021-11-12 22:44:31.283	1	101	29	13500.000000000000000000000000000000	17500.000000000000000000000000000000	2	0	\N
133	2021-11-12 22:44:31.739	2021-11-12 22:44:31.74	1	31	30	23000.000000000000000000000000000000	27000.000000000000000000000000000000	1	0	\N
134	2021-11-12 22:44:32.011	2021-11-12 22:44:32.013	1	76	30	11000.000000000000000000000000000000	15000.000000000000000000000000000000	12	0	\N
135	2021-11-12 22:44:32.234	2021-11-12 22:44:32.236	1	147	30	44000.000000000000000000000000000000	48000.000000000000000000000000000000	1	0	\N
136	2021-11-12 22:44:32.464	2021-11-12 22:44:32.466	1	151	30	51000.000000000000000000000000000000	55000.000000000000000000000000000000	1	0	\N
137	2021-11-12 22:44:32.741	2021-11-12 22:44:32.742	1	154	30	35000.000000000000000000000000000000	39000.000000000000000000000000000000	1	0	\N
138	2021-11-12 22:44:32.973	2021-11-12 22:44:32.974	1	171	30	23000.000000000000000000000000000000	27000.000000000000000000000000000000	1	0	\N
139	2021-11-12 22:44:33.438	2021-11-12 22:44:33.439	1	32	31	68000.000000000000000000000000000000	72000.000000000000000000000000000000	1	0	\N
140	2021-11-12 22:44:33.659	2021-11-12 22:44:33.661	1	39	31	95000.000000000000000000000000000000	99000.000000000000000000000000000000	1	0	\N
141	2021-11-12 22:44:33.882	2021-11-12 22:44:33.883	1	58	31	16000.000000000000000000000000000000	20000.000000000000000000000000000000	3	0	\N
142	2021-11-12 22:44:34.146	2021-11-12 22:44:34.147	1	76	31	11000.000000000000000000000000000000	15000.000000000000000000000000000000	6	0	\N
143	2021-11-12 22:44:34.364	2021-11-12 22:44:34.365	1	160	31	62000.000000000000000000000000000000	66000.000000000000000000000000000000	1	0	\N
144	2021-11-12 22:44:34.593	2021-11-12 22:44:34.594	1	168	31	56000.000000000000000000000000000000	60000.000000000000000000000000000000	1	0	\N
145	2021-11-12 22:44:34.861	2021-11-12 22:44:34.862	1	169	31	62000.000000000000000000000000000000	66000.000000000000000000000000000000	1	0	\N
146	2021-11-12 22:44:35.076	2021-11-12 22:44:35.078	1	173	31	21000.000000000000000000000000000000	25000.000000000000000000000000000000	1	0	\N
147	2021-11-12 22:44:35.319	2021-11-12 22:44:35.321	1	174	31	21000.000000000000000000000000000000	25000.000000000000000000000000000000	1	0	\N
148	2021-11-12 22:44:35.761	2021-11-12 22:44:35.763	1	31	32	23000.000000000000000000000000000000	27000.000000000000000000000000000000	4	0	\N
149	2021-11-12 22:44:36.001	2021-11-12 22:44:36.002	1	171	32	23000.000000000000000000000000000000	27000.000000000000000000000000000000	4	0	\N
150	2021-11-12 22:44:36.281	2021-11-12 22:44:36.282	1	172	32	-1500.000000000000000000000000000000	2500.000000000000000000000000000000	48	0	\N
151	2021-11-12 22:44:36.704	2021-11-12 22:44:36.705	1	145	33	95000.000000000000000000000000000000	99000.000000000000000000000000000000	1	0	\N
152	2021-11-12 22:44:36.961	2021-11-12 22:44:36.963	1	147	33	44000.000000000000000000000000000000	48000.000000000000000000000000000000	1	0	\N
153	2021-11-12 22:44:37.183	2021-11-12 22:44:37.184	1	148	33	38000.000000000000000000000000000000	42000.000000000000000000000000000000	1	0	\N
154	2021-11-12 22:44:37.405	2021-11-12 22:44:37.406	1	149	33	38000.000000000000000000000000000000	42000.000000000000000000000000000000	1	0	\N
155	2021-11-12 22:44:37.659	2021-11-12 22:44:37.66	1	150	33	51000.000000000000000000000000000000	55000.000000000000000000000000000000	1	0	\N
156	2021-11-12 22:44:37.881	2021-11-12 22:44:37.883	1	152	33	106000.000000000000000000000000000000	110000.000000000000000000000000000000	1	0	\N
157	2021-11-12 22:44:38.124	2021-11-12 22:44:38.126	1	153	33	116000.000000000000000000000000000000	120000.000000000000000000000000000000	1	0	\N
158	2021-11-12 22:44:38.408	2021-11-12 22:44:38.409	1	76	33	11000.000000000000000000000000000000	15000.000000000000000000000000000000	6	0	\N
159	2021-11-12 22:44:38.829	2021-11-12 22:44:38.831	1	2	34	2000.000000000000000000000000000000	6000.000000000000000000000000000000	36	0	\N
160	2021-11-12 22:44:39.259	2021-11-12 22:44:39.261	1	26	35	110000.000000000000000000000000000000	114000.000000000000000000000000000000	1	0	\N
161	2021-11-12 22:44:39.481	2021-11-12 22:44:39.482	1	28	35	141000.000000000000000000000000000000	145000.000000000000000000000000000000	1	0	\N
162	2021-11-12 22:44:39.746	2021-11-12 22:44:39.748	1	81	35	20000.000000000000000000000000000000	24000.000000000000000000000000000000	3	0	\N
163	2021-11-12 22:44:39.963	2021-11-12 22:44:39.965	1	119	35	1500.000000000000000000000000000000	5500.000000000000000000000000000000	6	0	\N
164	2021-11-12 22:44:40.195	2021-11-12 22:44:40.197	1	158	35	47000.000000000000000000000000000000	51000.000000000000000000000000000000	1	0	\N
165	2021-11-12 22:44:40.625	2021-11-12 22:44:40.627	1	77	36	14750.000000000000000000000000000000	18750.000000000000000000000000000000	6	0	\N
166	2021-11-12 22:44:40.848	2021-11-12 22:44:40.849	1	105	36	6000.000000000000000000000000000000	10000.000000000000000000000000000000	6	0	\N
167	2021-11-12 22:44:41.106	2021-11-12 22:44:41.107	1	106	36	6000.000000000000000000000000000000	10000.000000000000000000000000000000	6	0	\N
168	2021-11-12 22:44:41.357	2021-11-12 22:44:41.358	1	96	36	11000.000000000000000000000000000000	15000.000000000000000000000000000000	4	0	\N
169	2021-11-12 22:44:41.581	2021-11-12 22:44:41.583	1	97	36	11000.000000000000000000000000000000	15000.000000000000000000000000000000	4	0	\N
170	2021-11-12 22:44:41.849	2021-11-12 22:44:41.85	1	98	36	11000.000000000000000000000000000000	15000.000000000000000000000000000000	4	0	\N
171	2021-11-12 22:44:42.063	2021-11-12 22:44:42.065	1	99	36	13500.000000000000000000000000000000	17500.000000000000000000000000000000	2	0	\N
172	2021-11-12 22:44:42.3	2021-11-12 22:44:42.301	1	100	36	13500.000000000000000000000000000000	17500.000000000000000000000000000000	2	0	\N
173	2021-11-12 22:44:42.577	2021-11-12 22:44:42.578	1	101	36	13500.000000000000000000000000000000	17500.000000000000000000000000000000	2	0	\N
174	2021-11-12 22:44:42.803	2021-11-12 22:44:42.804	1	118	36	7250.000000000000000000000000000000	11250.000000000000000000000000000000	6	0	\N
175	2021-11-12 22:44:43.285	2021-11-12 22:44:43.286	1	99	37	13500.000000000000000000000000000000	17500.000000000000000000000000000000	4	0	\N
176	2021-11-12 22:44:43.502	2021-11-12 22:44:43.504	1	100	37	13500.000000000000000000000000000000	17500.000000000000000000000000000000	4	0	\N
177	2021-11-12 22:44:43.727	2021-11-12 22:44:43.729	1	101	37	13500.000000000000000000000000000000	17500.000000000000000000000000000000	4	0	\N
178	2021-11-12 22:44:43.997	2021-11-12 22:44:43.999	1	65	37	16000.000000000000000000000000000000	20000.000000000000000000000000000000	12	0	\N
179	2021-11-12 22:44:44.207	2021-11-12 22:44:44.208	1	135	37	20500.000000000000000000000000000000	26500.000000000000000000000000000000	6	0	\N
180	2021-11-12 22:44:44.681	2021-11-12 22:44:44.683	1	2	38	2000.000000000000000000000000000000	6000.000000000000000000000000000000	6	0	\N
181	2021-11-12 22:44:44.903	2021-11-12 22:44:44.904	1	76	38	11000.000000000000000000000000000000	15000.000000000000000000000000000000	2	0	\N
182	2021-11-12 22:44:45.124	2021-11-12 22:44:45.125	1	185	38	2000.000000000000000000000000000000	6000.000000000000000000000000000000	6	0	\N
183	2021-11-12 22:44:45.394	2021-11-12 22:44:45.396	1	184	38	0.000000000000000000000000000000	4000.000000000000000000000000000000	12	0	\N
184	2021-11-12 22:44:45.611	2021-11-12 22:44:45.612	1	179	38	92000.000000000000000000000000000000	8000.000000000000000000000000000000	6	0	\N
185	2021-11-12 22:44:46.045	2021-11-12 22:44:46.046	1	58	39	16000.000000000000000000000000000000	20000.000000000000000000000000000000	3	0	\N
186	2021-11-12 22:44:46.266	2021-11-12 22:44:46.267	1	159	39	62000.000000000000000000000000000000	60000.000000000000000000000000000000	1	0	\N
187	2021-11-12 22:44:46.515	2021-11-12 22:44:46.516	1	158	39	47000.000000000000000000000000000000	51000.000000000000000000000000000000	1	0	\N
188	2021-11-12 22:44:46.775	2021-11-12 22:44:46.777	1	162	39	-1000.000000000000000000000000000000	3000.000000000000000000000000000000	12	0	\N
189	2021-11-12 22:44:46.979	2021-11-12 22:44:46.981	1	138	39	56000.000000000000000000000000000000	66000.000000000000000000000000000000	1	0	\N
190	2021-11-12 22:44:47.427	2021-11-12 22:44:47.428	1	55	40	8000.000000000000000000000000000000	12000.000000000000000000000000000000	1	0	\N
191	2021-11-12 22:44:47.644	2021-11-12 22:44:47.645	1	84	40	6500.000000000000000000000000000000	10500.000000000000000000000000000000	6	0	\N
192	2021-11-12 22:44:47.873	2021-11-12 22:44:47.875	1	111	40	3500.000000000000000000000000000000	7500.000000000000000000000000000000	12	0	\N
193	2021-11-12 22:44:48.309	2021-11-12 22:44:48.311	1	23	41	0.000000000000000000000000000000	4000.000000000000000000000000000000	12	0	\N
194	2021-11-12 22:44:48.58	2021-11-12 22:44:48.581	1	82	41	8500.000000000000000000000000000000	12500.000000000000000000000000000000	12	0	\N
195	2021-11-12 22:44:48.861	2021-11-12 22:44:48.862	1	147	41	44000.000000000000000000000000000000	48000.000000000000000000000000000000	1	0	\N
196	2021-11-12 22:44:49.081	2021-11-12 22:44:49.082	1	148	41	38000.000000000000000000000000000000	42000.000000000000000000000000000000	1	0	\N
197	2021-11-12 22:44:49.306	2021-11-12 22:44:49.307	1	149	41	38000.000000000000000000000000000000	42000.000000000000000000000000000000	1	0	\N
198	2021-11-12 22:44:49.57	2021-11-12 22:44:49.572	1	187	41	18500.000000000000000000000000000000	22500.000000000000000000000000000000	5	0	\N
199	2021-11-12 22:44:49.959	2021-11-12 22:44:49.96	1	42	42	2250.000000000000000000000000000000	6250.000000000000000000000000000000	12	0	\N
200	2021-11-12 22:44:50.219	2021-11-12 22:44:50.221	1	56	42	8000.000000000000000000000000000000	12000.000000000000000000000000000000	1	0	\N
201	2021-11-12 22:44:50.438	2021-11-12 22:44:50.439	1	111	42	3500.000000000000000000000000000000	7500.000000000000000000000000000000	12	0	\N
202	2021-11-12 22:44:50.684	2021-11-12 22:44:50.685	1	129	42	35000.000000000000000000000000000000	39000.000000000000000000000000000000	1	0	\N
203	2021-11-12 22:44:51.123	2021-11-12 22:44:51.124	1	84	43	6500.000000000000000000000000000000	10500.000000000000000000000000000000	6	0	\N
204	2021-11-12 22:44:51.607	2021-11-12 22:44:51.608	1	76	44	11000.000000000000000000000000000000	15000.000000000000000000000000000000	1	0	\N
205	2021-11-12 22:44:51.872	2021-11-12 22:44:51.874	1	111	44	3500.000000000000000000000000000000	7500.000000000000000000000000000000	6	0	\N
206	2021-11-12 22:44:52.123	2021-11-12 22:44:52.124	1	120	44	9500.000000000000000000000000000000	13500.000000000000000000000000000000	2	0	\N
207	2021-11-12 22:44:52.58	2021-11-12 22:44:52.581	1	76	45	11000.000000000000000000000000000000	15000.000000000000000000000000000000	3	0	\N
208	2021-11-12 22:44:53.042	2021-11-12 22:44:53.044	1	10	46	20000.000000000000000000000000000000	24000.000000000000000000000000000000	1	0	\N
209	2021-11-12 22:44:53.317	2021-11-12 22:44:53.318	1	3	46	8500.000000000000000000000000000000	12500.000000000000000000000000000000	2	0	\N
210	2021-11-12 22:44:53.563	2021-11-12 22:44:53.565	1	105	46	6000.000000000000000000000000000000	10000.000000000000000000000000000000	6	0	\N
211	2021-11-12 22:44:53.784	2021-11-12 22:44:53.785	1	106	46	6000.000000000000000000000000000000	10000.000000000000000000000000000000	6	0	\N
212	2021-11-12 22:44:54.009	2021-11-12 22:44:54.011	1	96	46	11000.000000000000000000000000000000	15000.000000000000000000000000000000	4	0	\N
213	2021-11-12 22:44:54.269	2021-11-12 22:44:54.27	1	97	46	11000.000000000000000000000000000000	15000.000000000000000000000000000000	4	0	\N
214	2021-11-12 22:44:54.49	2021-11-12 22:44:54.492	1	98	46	11000.000000000000000000000000000000	15000.000000000000000000000000000000	4	0	\N
215	2021-11-12 22:44:54.721	2021-11-12 22:44:54.722	1	120	46	9500.000000000000000000000000000000	13500.000000000000000000000000000000	1	0	\N
216	2021-11-12 22:44:55.181	2021-11-12 22:44:55.182	1	58	47	16000.000000000000000000000000000000	20000.000000000000000000000000000000	1	0	\N
217	2021-11-12 22:44:55.416	2021-11-12 22:44:55.418	1	121	47	71000.000000000000000000000000000000	75000.000000000000000000000000000000	1	0	\N
218	2021-11-12 22:44:55.685	2021-11-12 22:44:55.686	1	129	47	35000.000000000000000000000000000000	39000.000000000000000000000000000000	1	0	\N
219	2021-11-12 22:44:55.912	2021-11-12 22:44:55.914	1	130	47	32000.000000000000000000000000000000	36000.000000000000000000000000000000	1	0	\N
220	2021-11-12 22:44:56.381	2021-11-12 22:44:56.382	1	31	48	23000.000000000000000000000000000000	27000.000000000000000000000000000000	1	0	\N
221	2021-11-12 22:44:56.611	2021-11-12 22:44:56.612	1	55	48	8000.000000000000000000000000000000	12000.000000000000000000000000000000	2	0	\N
222	2021-11-12 22:44:56.839	2021-11-12 22:44:56.841	1	56	48	8000.000000000000000000000000000000	12000.000000000000000000000000000000	2	0	\N
223	2021-11-12 22:44:57.093	2021-11-12 22:44:57.094	1	157	48	48500.000000000000000000000000000000	52500.000000000000000000000000000000	1	0	\N
224	2021-11-12 22:44:57.3	2021-11-12 22:44:57.302	1	65	48	16000.000000000000000000000000000000	20000.000000000000000000000000000000	6	0	\N
225	2021-11-12 22:44:57.525	2021-11-12 22:44:57.527	1	135	48	20500.000000000000000000000000000000	24500.000000000000000000000000000000	3	0	\N
226	2021-11-12 22:44:57.969	2021-11-12 22:44:57.971	1	28	49	141000.000000000000000000000000000000	145000.000000000000000000000000000000	1	0	\N
227	2021-11-12 22:44:58.202	2021-11-12 22:44:58.203	1	30	49	11000.000000000000000000000000000000	15000.000000000000000000000000000000	6	0	\N
228	2021-11-12 22:44:58.46	2021-11-12 22:44:58.461	1	76	49	11000.000000000000000000000000000000	15000.000000000000000000000000000000	2	0	\N
229	2021-11-12 22:44:58.851	2021-11-12 22:44:58.853	1	41	50	5500.000000000000000000000000000000	9500.000000000000000000000000000000	12	0	\N
230	2021-11-12 22:44:59.105	2021-11-12 22:44:59.106	1	3	50	8500.000000000000000000000000000000	12500.000000000000000000000000000000	1	0	\N
231	2021-11-12 22:44:59.31	2021-11-12 22:44:59.311	1	92	50	61000.000000000000000000000000000000	65000.000000000000000000000000000000	2	0	\N
232	2021-11-12 22:44:59.525	2021-11-12 22:44:59.527	1	95	50	71000.000000000000000000000000000000	75000.000000000000000000000000000000	6	0	\N
233	2021-11-12 22:44:59.79	2021-11-12 22:44:59.792	1	185	50	2000.000000000000000000000000000000	6000.000000000000000000000000000000	6	0	\N
234	2021-11-12 22:45:00.012	2021-11-12 22:45:00.014	1	153	50	116000.000000000000000000000000000000	120000.000000000000000000000000000000	1	0	\N
235	2021-11-12 22:45:00.288	2021-11-12 22:45:00.29	1	197	50	13500.000000000000000000000000000000	17500.000000000000000000000000000000	3	0	\N
236	2021-11-12 22:45:00.555	2021-11-12 22:45:00.557	1	66	50	18500.000000000000000000000000000000	22500.000000000000000000000000000000	3	0	\N
237	2021-11-12 22:45:00.966	2021-11-12 22:45:00.967	1	85	51	6500.000000000000000000000000000000	10500.000000000000000000000000000000	6	0	\N
238	2021-11-12 22:45:01.241	2021-11-12 22:45:01.242	1	191	51	17500.000000000000000000000000000000	27500.000000000000000000000000000000	3	0	\N
239	2021-11-12 22:45:01.458	2021-11-12 22:45:01.459	1	195	51	18000.000000000000000000000000000000	22000.000000000000000000000000000000	3	0	\N
240	2021-11-12 22:45:01.698	2021-11-12 22:45:01.7	1	192	51	18500.000000000000000000000000000000	28500.000000000000000000000000000000	3	0	\N
241	2021-11-12 22:45:01.974	2021-11-12 22:45:01.975	1	136	51	19500.000000000000000000000000000000	23500.000000000000000000000000000000	3	0	\N
242	2021-11-12 22:45:02.361	2021-11-12 22:45:02.362	1	131	52	43500.000000000000000000000000000000	47500.000000000000000000000000000000	6	0	\N
243	2021-11-12 22:45:02.629	2021-11-12 22:45:02.63	1	132	52	53500.000000000000000000000000000000	57500.000000000000000000000000000000	6	0	\N
244	2021-11-12 22:45:03.03	2021-11-12 22:45:03.032	1	10	53	20000.000000000000000000000000000000	24000.000000000000000000000000000000	2	0	\N
245	2021-11-12 22:45:03.297	2021-11-12 22:45:03.299	1	9	53	26000.000000000000000000000000000000	30000.000000000000000000000000000000	2	0	\N
246	2021-11-12 22:45:03.686	2021-11-12 22:45:03.688	1	10	54	20000.000000000000000000000000000000	24000.000000000000000000000000000000	1	0	\N
247	2021-11-12 22:45:03.941	2021-11-12 22:45:03.942	1	105	54	6000.000000000000000000000000000000	10000.000000000000000000000000000000	6	0	\N
248	2021-11-12 22:45:04.15	2021-11-12 22:45:04.151	1	106	54	6000.000000000000000000000000000000	10000.000000000000000000000000000000	6	0	\N
249	2021-11-12 22:45:04.371	2021-11-12 22:45:04.372	1	148	54	38000.000000000000000000000000000000	42000.000000000000000000000000000000	1	0	\N
250	2021-11-12 22:45:04.803	2021-11-12 22:45:04.804	1	31	55	23000.000000000000000000000000000000	27000.000000000000000000000000000000	1	0	\N
251	2021-11-12 22:45:05.029	2021-11-12 22:45:05.031	1	111	55	3500.000000000000000000000000000000	7500.000000000000000000000000000000	6	0	\N
252	2021-11-12 22:45:05.442	2021-11-12 22:45:05.443	1	188	56	14000.000000000000000000000000000000	26500.000000000000000000000000000000	3	0	\N
253	2021-11-12 22:45:05.672	2021-11-12 22:45:05.674	1	191	56	17500.000000000000000000000000000000	27500.000000000000000000000000000000	3	0	\N
254	2021-11-12 22:45:05.935	2021-11-12 22:45:05.937	1	189	56	15000.000000000000000000000000000000	27500.000000000000000000000000000000	3	0	\N
255	2021-11-12 22:45:06.154	2021-11-12 22:45:06.155	1	192	56	18500.000000000000000000000000000000	28500.000000000000000000000000000000	3	0	\N
256	2021-11-12 22:45:06.373	2021-11-12 22:45:06.374	1	204	56	12000.000000000000000000000000000000	21500.000000000000000000000000000000	3	0	\N
257	2021-11-12 22:45:06.633	2021-11-12 22:45:06.634	1	205	56	18500.000000000000000000000000000000	22500.000000000000000000000000000000	3	0	\N
258	2021-11-12 22:45:06.871	2021-11-12 22:45:06.872	1	209	56	25500.000000000000000000000000000000	29500.000000000000000000000000000000	3	0	\N
259	2021-11-12 22:45:07.099	2021-11-12 22:45:07.1	1	186	56	31000.000000000000000000000000000000	35000.000000000000000000000000000000	2	0	\N
260	2021-11-12 22:45:07.536	2021-11-12 22:45:07.537	1	131	57	43500.000000000000000000000000000000	47500.000000000000000000000000000000	6	0	\N
261	2021-11-12 22:45:07.749	2021-11-12 22:45:07.75	1	132	57	53500.000000000000000000000000000000	57500.000000000000000000000000000000	6	0	\N
262	2021-11-12 22:45:08.18	2021-11-12 22:45:08.181	1	147	58	44000.000000000000000000000000000000	48000.000000000000000000000000000000	1	0	\N
263	2021-11-12 22:45:08.404	2021-11-12 22:45:08.405	1	151	58	51000.000000000000000000000000000000	55000.000000000000000000000000000000	1	0	\N
264	2021-11-12 22:45:08.662	2021-11-12 22:45:08.664	1	152	58	106000.000000000000000000000000000000	110000.000000000000000000000000000000	1	0	\N
265	2021-11-12 22:45:08.903	2021-11-12 22:45:08.904	1	153	58	116000.000000000000000000000000000000	120000.000000000000000000000000000000	1	0	\N
266	2021-11-12 22:45:09.341	2021-11-12 22:45:09.342	1	76	59	11000.000000000000000000000000000000	15000.000000000000000000000000000000	1	0	\N
267	2021-11-12 22:45:09.562	2021-11-12 22:45:09.563	1	111	59	3500.000000000000000000000000000000	7500.000000000000000000000000000000	12	0	\N
268	2021-11-12 22:45:09.783	2021-11-12 22:45:09.784	1	172	59	-1500.000000000000000000000000000000	2500.000000000000000000000000000000	6	0	\N
269	2021-11-12 22:45:10.053	2021-11-12 22:45:10.054	1	136	59	19500.000000000000000000000000000000	23500.000000000000000000000000000000	6	0	\N
270	2021-11-12 22:45:10.444	2021-11-12 22:45:10.445	1	24	60	0.000000000000000000000000000000	4000.000000000000000000000000000000	6	0	\N
271	2021-11-12 22:45:10.709	2021-11-12 22:45:10.711	1	185	60	2000.000000000000000000000000000000	6000.000000000000000000000000000000	6	0	\N
272	2021-11-12 22:45:11.087	2021-11-12 22:45:11.088	1	43	61	68000.000000000000000000000000000000	72000.000000000000000000000000000000	1	0	\N
273	2021-11-12 22:45:11.341	2021-11-12 22:45:11.342	1	161	61	56000.000000000000000000000000000000	60000.000000000000000000000000000000	1	0	\N
274	2021-11-12 22:45:11.56	2021-11-12 22:45:11.561	1	10	61	20000.000000000000000000000000000000	24000.000000000000000000000000000000	2	0	\N
275	2021-11-12 22:45:11.796	2021-11-12 22:45:11.797	1	70	61	97500.000000000000000000000000000000	101500.000000000000000000000000000000	1	0	\N
276	2021-11-12 22:45:12.073	2021-11-12 22:45:12.074	1	186	61	31000.000000000000000000000000000000	35000.000000000000000000000000000000	5	0	\N
277	2021-11-12 22:45:12.47	2021-11-12 22:45:12.471	1	31	62	23000.000000000000000000000000000000	27000.000000000000000000000000000000	2	0	\N
278	2021-11-12 22:45:12.731	2021-11-12 22:45:12.733	1	85	62	6500.000000000000000000000000000000	10500.000000000000000000000000000000	12	0	\N
279	2021-11-12 22:45:12.948	2021-11-12 22:45:12.949	1	111	62	3500.000000000000000000000000000000	7500.000000000000000000000000000000	12	0	\N
280	2021-11-12 22:45:13.201	2021-11-12 22:45:13.202	1	99	62	13500.000000000000000000000000000000	17500.000000000000000000000000000000	2	0	\N
281	2021-11-12 22:45:13.471	2021-11-12 22:45:13.472	1	100	62	13500.000000000000000000000000000000	17500.000000000000000000000000000000	2	0	\N
282	2021-11-12 22:45:13.686	2021-11-12 22:45:13.688	1	101	62	13500.000000000000000000000000000000	17500.000000000000000000000000000000	2	0	\N
283	2021-11-12 22:45:13.904	2021-11-12 22:45:13.906	1	131	62	43500.000000000000000000000000000000	47500.000000000000000000000000000000	1	0	\N
284	2021-11-12 22:45:14.173	2021-11-12 22:45:14.174	1	105	62	6000.000000000000000000000000000000	10000.000000000000000000000000000000	6	0	\N
285	2021-11-12 22:45:14.389	2021-11-12 22:45:14.391	1	106	62	6000.000000000000000000000000000000	10000.000000000000000000000000000000	6	0	\N
286	2021-11-12 22:45:14.63	2021-11-12 22:45:14.631	1	157	62	48500.000000000000000000000000000000	52500.000000000000000000000000000000	1	0	\N
287	2021-11-12 22:45:14.905	2021-11-12 22:45:14.906	1	171	62	23000.000000000000000000000000000000	27000.000000000000000000000000000000	2	0	\N
288	2021-11-12 22:45:15.319	2021-11-12 22:45:15.32	1	56	63	8000.000000000000000000000000000000	12000.000000000000000000000000000000	2	0	\N
289	2021-11-12 22:45:15.581	2021-11-12 22:45:15.582	1	87	63	11500.000000000000000000000000000000	15500.000000000000000000000000000000	6	0	\N
290	2021-11-12 22:45:15.795	2021-11-12 22:45:15.796	1	157	63	48500.000000000000000000000000000000	52500.000000000000000000000000000000	1	0	\N
291	2021-11-12 22:45:16.017	2021-11-12 22:45:16.018	1	186	63	31000.000000000000000000000000000000	35000.000000000000000000000000000000	4	0	\N
292	2021-11-12 22:45:16.283	2021-11-12 22:45:16.285	1	32	63	68000.000000000000000000000000000000	72000.000000000000000000000000000000	1	0	\N
293	2021-11-12 22:45:16.494	2021-11-12 22:45:16.496	1	76	63	11000.000000000000000000000000000000	15000.000000000000000000000000000000	2	0	\N
294	2021-11-12 22:45:16.716	2021-11-12 22:45:16.717	1	22	63	2500.000000000000000000000000000000	6500.000000000000000000000000000000	6	0	\N
295	2021-11-12 22:45:16.982	2021-11-12 22:45:16.984	1	154	63	35000.000000000000000000000000000000	39000.000000000000000000000000000000	1	0	\N
296	2021-11-12 22:45:17.198	2021-11-12 22:45:17.2	1	65	63	16000.000000000000000000000000000000	20000.000000000000000000000000000000	6	0	\N
297	2021-11-12 22:45:17.451	2021-11-12 22:45:17.452	1	135	63	20500.000000000000000000000000000000	24500.000000000000000000000000000000	6	0	\N
298	2021-11-12 22:45:17.925	2021-11-12 22:45:17.926	1	31	64	23000.000000000000000000000000000000	27000.000000000000000000000000000000	1	0	\N
299	2021-11-12 22:45:18.146	2021-11-12 22:45:18.148	1	43	64	68000.000000000000000000000000000000	72000.000000000000000000000000000000	1	0	\N
300	2021-11-12 22:45:18.41	2021-11-12 22:45:18.412	1	76	64	11000.000000000000000000000000000000	15000.000000000000000000000000000000	2	0	\N
301	2021-11-12 22:45:18.635	2021-11-12 22:45:18.636	1	99	64	13500.000000000000000000000000000000	17500.000000000000000000000000000000	4	0	\N
302	2021-11-12 22:45:18.869	2021-11-12 22:45:18.87	1	100	64	13500.000000000000000000000000000000	17500.000000000000000000000000000000	4	0	\N
303	2021-11-12 22:45:19.125	2021-11-12 22:45:19.126	1	101	64	13500.000000000000000000000000000000	17500.000000000000000000000000000000	4	0	\N
304	2021-11-12 22:45:19.347	2021-11-12 22:45:19.349	1	111	64	3500.000000000000000000000000000000	7500.000000000000000000000000000000	6	0	\N
305	2021-11-12 22:45:19.584	2021-11-12 22:45:19.586	1	154	64	35000.000000000000000000000000000000	39000.000000000000000000000000000000	1	0	\N
306	2021-11-12 22:45:19.849	2021-11-12 22:45:19.85	1	171	64	23000.000000000000000000000000000000	27000.000000000000000000000000000000	1	0	\N
307	2021-11-12 22:45:20.071	2021-11-12 22:45:20.072	1	65	64	16000.000000000000000000000000000000	20000.000000000000000000000000000000	6	0	\N
308	2021-11-12 22:45:20.302	2021-11-12 22:45:20.304	1	135	64	20500.000000000000000000000000000000	294000.000000000000000000000000000000	6	0	\N
309	2021-11-12 22:45:20.746	2021-11-12 22:45:20.748	1	105	65	6000.000000000000000000000000000000	10000.000000000000000000000000000000	3	0	\N
310	2021-11-12 22:45:20.97	2021-11-12 22:45:20.972	1	106	65	6000.000000000000000000000000000000	10000.000000000000000000000000000000	3	0	\N
311	2021-11-12 22:45:21.238	2021-11-12 22:45:21.239	1	187	65	18500.000000000000000000000000000000	22500.000000000000000000000000000000	2	0	\N
312	2021-11-12 22:45:21.618	2021-11-12 22:45:21.62	1	96	66	11000.000000000000000000000000000000	15000.000000000000000000000000000000	2	0	\N
313	2021-11-12 22:45:21.997	2021-11-12 22:45:21.998	1	97	66	11000.000000000000000000000000000000	15000.000000000000000000000000000000	2	0	\N
314	2021-11-12 22:45:22.246	2021-11-12 22:45:22.247	1	98	66	11000.000000000000000000000000000000	15000.000000000000000000000000000000	2	0	\N
315	2021-11-12 22:45:22.506	2021-11-12 22:45:22.507	1	107	66	13500.000000000000000000000000000000	17500.000000000000000000000000000000	3	0	\N
316	2021-11-12 22:45:22.789	2021-11-12 22:45:22.79	1	108	66	13500.000000000000000000000000000000	17500.000000000000000000000000000000	3	0	\N
317	2021-11-12 22:45:23.013	2021-11-12 22:45:23.014	1	99	66	13500.000000000000000000000000000000	17500.000000000000000000000000000000	2	0	\N
318	2021-11-12 22:45:23.264	2021-11-12 22:45:23.265	1	100	66	13500.000000000000000000000000000000	17500.000000000000000000000000000000	2	0	\N
319	2021-11-12 22:45:23.542	2021-11-12 22:45:23.544	1	101	66	13500.000000000000000000000000000000	17500.000000000000000000000000000000	2	0	\N
320	2021-11-12 22:45:23.769	2021-11-12 22:45:23.77	1	188	66	14000.000000000000000000000000000000	26500.000000000000000000000000000000	3	0	\N
321	2021-11-12 22:45:24.002	2021-11-12 22:45:24.004	1	191	66	17500.000000000000000000000000000000	27500.000000000000000000000000000000	3	0	\N
322	2021-11-12 22:45:24.446	2021-11-12 22:45:24.448	1	3	67	8500.000000000000000000000000000000	12500.000000000000000000000000000000	2	0	\N
323	2021-11-12 22:45:24.673	2021-11-12 22:45:24.674	1	56	67	8000.000000000000000000000000000000	12000.000000000000000000000000000000	2	0	\N
324	2021-11-12 22:45:24.941	2021-11-12 22:45:24.942	1	31	67	23000.000000000000000000000000000000	27000.000000000000000000000000000000	1	0	\N
325	2021-11-12 22:45:25.146	2021-11-12 22:45:25.148	1	84	67	6500.000000000000000000000000000000	10500.000000000000000000000000000000	6	0	\N
326	2021-11-12 22:45:25.376	2021-11-12 22:45:25.378	1	85	67	6500.000000000000000000000000000000	10500.000000000000000000000000000000	6	0	\N
327	2021-11-12 22:45:25.637	2021-11-12 22:45:25.638	1	87	67	11500.000000000000000000000000000000	15500.000000000000000000000000000000	6	0	\N
328	2021-11-12 22:45:25.859	2021-11-12 22:45:25.861	1	111	67	3500.000000000000000000000000000000	7500.000000000000000000000000000000	12	0	\N
329	2021-11-12 22:45:26.082	2021-11-12 22:45:26.083	1	186	67	31000.000000000000000000000000000000	35000.000000000000000000000000000000	1	0	\N
330	2021-11-12 22:45:26.349	2021-11-12 22:45:26.35	1	65	67	16000.000000000000000000000000000000	20000.000000000000000000000000000000	6	0	\N
331	2021-11-12 22:45:26.751	2021-11-12 22:45:26.753	1	151	68	51000.000000000000000000000000000000	55000.000000000000000000000000000000	1	0	\N
332	2021-11-12 22:45:27.041	2021-11-12 22:45:27.042	1	158	68	47000.000000000000000000000000000000	51000.000000000000000000000000000000	1	0	\N
333	2021-11-12 22:45:27.259	2021-11-12 22:45:27.26	1	65	68	16000.000000000000000000000000000000	20000.000000000000000000000000000000	6	0	\N
334	2021-11-12 22:45:27.502	2021-11-12 22:45:27.504	1	66	68	18500.000000000000000000000000000000	22500.000000000000000000000000000000	6	0	\N
335	2021-11-12 22:45:27.946	2021-11-12 22:45:27.947	1	10	69	20000.000000000000000000000000000000	24000.000000000000000000000000000000	1	0	\N
336	2021-11-12 22:45:28.177	2021-11-12 22:45:28.179	1	105	69	6000.000000000000000000000000000000	10000.000000000000000000000000000000	6	0	\N
337	2021-11-12 22:45:28.444	2021-11-12 22:45:28.445	1	106	69	6000.000000000000000000000000000000	10000.000000000000000000000000000000	6	0	\N
338	2021-11-12 22:45:28.667	2021-11-12 22:45:28.668	1	111	69	3500.000000000000000000000000000000	7500.000000000000000000000000000000	12	0	\N
339	2021-11-12 22:45:28.895	2021-11-12 22:45:28.896	1	129	69	35000.000000000000000000000000000000	39000.000000000000000000000000000000	1	0	\N
340	2021-11-12 22:45:29.155	2021-11-12 22:45:29.157	1	154	69	35000.000000000000000000000000000000	39000.000000000000000000000000000000	1	0	\N
341	2021-11-12 22:45:29.552	2021-11-12 22:45:29.553	1	76	70	11000.000000000000000000000000000000	15000.000000000000000000000000000000	2	0	\N
342	2021-11-12 22:45:29.809	2021-11-12 22:45:29.81	1	172	70	-1500.000000000000000000000000000000	2500.000000000000000000000000000000	12	0	\N
\.


--
-- Data for Name: Product; Type: TABLE DATA; Schema: public; Owner: postgres
--

COPY public."Product" (id, "createdAt", "updatedAt", name, "buyPrice", "sellPrice", discount, available, sold, defect, returned, unit) FROM stdin;
1	2021-11-13 06:43:50.996	2021-11-13 06:43:50.996	aceton heviny 35 ml	1000.000000000000000000000000000000	5000.000000000000000000000000000000	0	0	0	0	0	pcs
4	2021-11-13 06:43:50.996	2021-11-13 06:43:50.996	body lotion heviny aloevera 600 ml	12000.000000000000000000000000000000	16000.000000000000000000000000000000	0	0	0	0	0	pcs
5	2021-11-13 06:43:50.996	2021-11-13 06:43:50.996	body lotion heviny bengkuang 600 ml	12000.000000000000000000000000000000	16000.000000000000000000000000000000	0	0	0	0	0	pcs
6	2021-11-13 06:43:50.996	2021-11-13 06:43:50.996	body lotion heviny green tea 600 ml	12000.000000000000000000000000000000	16000.000000000000000000000000000000	0	0	0	0	0	pcs
7	2021-11-13 06:43:50.996	2021-11-13 06:43:50.996	body lotion heviny rose 600 ml	12000.000000000000000000000000000000	16000.000000000000000000000000000000	0	0	0	0	0	pcs
8	2021-11-13 06:43:50.996	2021-11-13 06:43:50.996	body lotion heviny yogurt & goat milky 600 ml	12000.000000000000000000000000000000	16000.000000000000000000000000000000	0	0	0	0	0	pcs
11	2021-11-13 06:43:50.996	2021-11-13 06:43:50.996	creambath heviny anti ketombe 250 gr	9000.000000000000000000000000000000	13000.000000000000000000000000000000	0	0	0	0	0	pcs
12	2021-11-13 06:43:50.996	2021-11-13 06:43:50.996	creambath heviny avocado 250 gram	9000.000000000000000000000000000000	13000.000000000000000000000000000000	0	0	0	0	0	pcs
13	2021-11-13 06:43:50.996	2021-11-13 06:43:50.996	creambath heviny ginseng 250 gram	9000.000000000000000000000000000000	13000.000000000000000000000000000000	0	0	0	0	0	pcs
14	2021-11-13 06:43:50.996	2021-11-13 06:43:50.996	creambath heviny kemiri 250 gr	9000.000000000000000000000000000000	13000.000000000000000000000000000000	0	0	0	0	0	pcs
15	2021-11-13 06:43:50.996	2021-11-13 06:43:50.996	creambath heviny lidah buaya 250 gr	9000.000000000000000000000000000000	13000.000000000000000000000000000000	0	0	0	0	0	pcs
16	2021-11-13 06:43:50.996	2021-11-13 06:43:50.996	creambath heviny spa avocado 250 gram	9000.000000000000000000000000000000	13000.000000000000000000000000000000	0	0	0	0	0	pcs
17	2021-11-13 06:43:50.996	2021-11-13 06:43:50.996	creambath heviny spa coconut 250 gram	9000.000000000000000000000000000000	13000.000000000000000000000000000000	0	0	0	0	0	pcs
18	2021-11-13 06:43:50.996	2021-11-13 06:43:50.996	creambath heviny spa emulsion milky 250 gram	9000.000000000000000000000000000000	13000.000000000000000000000000000000	0	0	0	0	0	pcs
19	2021-11-13 06:43:50.996	2021-11-13 06:43:50.996	creambath heviny spa papaya jasmine 250 gram	9000.000000000000000000000000000000	13000.000000000000000000000000000000	0	0	0	0	0	pcs
20	2021-11-13 06:43:50.996	2021-11-13 06:43:50.996	creambath heviny strawberry 250 gr	9000.000000000000000000000000000000	13000.000000000000000000000000000000	0	0	0	0	0	pcs
21	2021-11-13 06:43:50.996	2021-11-13 06:43:50.996	fitting test fukuta	3000.000000000000000000000000000000	7000.000000000000000000000000000000	0	18	0	0	0	pcs
27	2021-11-13 06:43:50.996	2021-11-13 06:43:50.996	gembok frt 20 mm	116000.000000000000000000000000000000	120000.000000000000000000000000000000	0	0	0	0	0	lusin
33	2021-11-13 06:43:50.996	2021-11-13 06:43:50.996	gunting kuku honaga 602 b	62000.000000000000000000000000000000	66000.000000000000000000000000000000	0	0	0	0	0	lusin
37	2021-11-13 06:43:50.996	2021-11-13 06:43:50.996	gunting kuku honaga 625 a	92000.000000000000000000000000000000	96000.000000000000000000000000000000	0	0	0	0	0	lusin
38	2021-11-13 06:43:50.996	2021-11-13 06:43:50.996	gunting kuku honaga 692 a	92000.000000000000000000000000000000	96000.000000000000000000000000000000	0	0	0	0	0	lusin
40	2021-11-13 06:43:50.996	2021-11-13 06:43:50.996	gunting kuku 777 besar	98000.000000000000000000000000000000	102000.000000000000000000000000000000	0	1	0	0	0	lusin
44	2021-11-13 06:43:50.996	2021-11-13 06:43:50.996	gunting m2000 sedang hitam	3500.000000000000000000000000000000	7500.000000000000000000000000000000	0	24	0	0	0	pcs
45	2021-11-13 06:43:50.996	2021-11-13 06:43:50.996	hair mask green tea 500 gr	27000.000000000000000000000000000000	31000.000000000000000000000000000000	0	0	0	0	0	pcs
46	2021-11-13 06:43:50.996	2021-11-13 06:43:50.996	hair mask heviny coconut 500 gr	27000.000000000000000000000000000000	31000.000000000000000000000000000000	0	0	0	0	0	pcs
47	2021-11-13 06:43:50.996	2021-11-13 06:43:50.996	hair mask heviny coconut 500 gram	27000.000000000000000000000000000000	31000.000000000000000000000000000000	0	0	0	0	0	pcs
48	2021-11-13 06:43:50.996	2021-11-13 06:43:50.996	hair mask heviny coklat mint 500 gr	27000.000000000000000000000000000000	31000.000000000000000000000000000000	0	0	0	0	0	pcs
49	2021-11-13 06:43:50.996	2021-11-13 06:43:50.996	hair mask heviny ginseng 500 gr	27000.000000000000000000000000000000	31000.000000000000000000000000000000	0	0	0	0	0	pcs
50	2021-11-13 06:43:50.996	2021-11-13 06:43:50.996	hair mask heviny ginseng milky 500 gr	27000.000000000000000000000000000000	31000.000000000000000000000000000000	0	0	0	0	0	pcs
51	2021-11-13 06:43:50.996	2021-11-13 06:43:50.996	hair mask heviny green tea 500 gr	27000.000000000000000000000000000000	31000.000000000000000000000000000000	0	0	0	0	0	pcs
52	2021-11-13 06:43:50.996	2021-11-13 06:43:50.996	hair mask heviny papaya jasmine 500 gr	27000.000000000000000000000000000000	31000.000000000000000000000000000000	0	0	0	0	0	pcs
53	2021-11-13 06:43:50.996	2021-11-13 06:43:50.996	hair mask heviny strawberry 500 gr	27000.000000000000000000000000000000	31000.000000000000000000000000000000	0	0	0	0	0	pcs
54	2021-11-13 06:43:50.996	2021-11-13 06:43:50.996	hair mask heviny sun flower avocado 500 gr	25000.000000000000000000000000000000	29000.000000000000000000000000000000	0	0	0	0	0	pcs
59	2021-11-13 06:43:50.996	2021-11-13 06:43:50.996	jinzu pepaya brightening soap 50 gr	5500.000000000000000000000000000000	9500.000000000000000000000000000000	0	24	0	0	0	pcs
60	2021-11-13 06:43:50.996	2021-11-13 06:43:50.996	kabel listrik nym 2 x 1,5 50 meter	346000.000000000000000000000000000000	350000.000000000000000000000000000000	0	3	0	0	0	roll
61	2021-11-13 06:43:50.996	2021-11-13 06:43:50.996	kabel rca 1 - 2	1500.000000000000000000000000000000	5500.000000000000000000000000000000	0	50	0	0	0	pcs
62	2021-11-13 06:43:50.996	2021-11-13 06:43:50.996	kabel listrik monster 2 x 50 meter	58500.000000000000000000000000000000	62500.000000000000000000000000000000	0	6	0	0	0	roll
64	2021-11-13 06:43:50.996	2021-11-13 06:43:50.996	kabel listrik monster 2 x 80 meter	73500.000000000000000000000000000000	77500.000000000000000000000000000000	0	6	0	0	0	roll
23	2021-11-13 06:43:50.996	2021-11-13 06:43:50.996	fitting gantung bulat superity	0.000000000000000000000000000000	4000.000000000000000000000000000000	0	132	24	0	0	pcs
26	2021-11-13 06:43:50.996	2021-11-13 06:43:50.996	gembok freeder 15 mm	110000.000000000000000000000000000000	114000.000000000000000000000000000000	0	0	2	0	0	lusin
58	2021-11-13 06:43:50.996	2021-11-13 06:43:50.996	jarum pentul	16000.000000000000000000000000000000	20000.000000000000000000000000000000	0	6	25	0	0	roll
24	2021-11-13 06:43:50.996	2021-11-13 06:43:50.996	fitting plafon okka	0.000000000000000000000000000000	4000.000000000000000000000000000000	0	12	12	0	0	pcs
28	2021-11-13 06:43:50.996	2021-11-13 06:43:50.996	gembok frt 25 mm	141000.000000000000000000000000000000	145000.000000000000000000000000000000	0	2	4	0	0	lusin
66	2021-11-13 06:43:50.996	2021-11-13 06:43:50.996	kain pel besar dynamic	18500.000000000000000000000000000000	22500.000000000000000000000000000000	0	3	21	0	0	pcs
3	2021-11-13 06:43:50.996	2021-11-13 06:43:50.996	ballpoint milton s-121	8500.000000000000000000000000000000	12500.000000000000000000000000000000	0	13	14	0	0	box
29	2021-11-13 06:43:50.996	2021-11-13 06:43:50.996	gembok frt 30 mm	9750.000000000000000000000000000000	13750.000000000000000000000000000000	0	6	12	0	0	pcs
34	2021-11-13 06:43:50.996	2021-11-13 06:43:50.996	gunting kuku honaga 612 b	86000.000000000000000000000000000000	90000.000000000000000000000000000000	0	1	2	0	0	lusin
10	2021-11-13 06:43:50.996	2021-11-13 06:43:50.996	cottonbuds cici dewasa 045	20000.000000000000000000000000000000	24000.000000000000000000000000000000	0	11	16	0	0	lusin
35	2021-11-13 06:43:50.996	2021-11-13 06:43:50.996	gunting kuku honaga 323 a	92000.000000000000000000000000000000	96000.000000000000000000000000000000	0	1	2	0	0	lusin
55	2021-11-13 06:43:50.996	2021-11-13 06:43:50.996	isolasi bening kecil	8000.000000000000000000000000000000	12000.000000000000000000000000000000	0	12	12	0	0	roll
25	2021-11-13 06:43:50.996	2021-11-13 06:43:50.996	fitting kombinasi	2000.000000000000000000000000000000	6000.000000000000000000000000000000	0	36	24	0	0	pcs
63	2021-11-13 06:43:50.996	2021-11-13 06:43:50.996	kabel listrik xrcom 2 x 30 meter	43500.000000000000000000000000000000	47500.000000000000000000000000000000	0	2	2	0	0	roll
39	2021-11-13 06:43:50.996	2021-11-13 06:43:50.996	gunting kuku honaga 360 a	95000.000000000000000000000000000000	99000.000000000000000000000000000000	0	1	2	0	0	lusin
41	2021-11-13 06:43:50.996	2021-11-13 06:43:50.996	gunting m2000 besar hitam	5500.000000000000000000000000000000	9500.000000000000000000000000000000	0	24	24	0	0	pcs
56	2021-11-13 06:43:50.996	2021-11-13 06:43:50.996	isolasi hitam kecil	8000.000000000000000000000000000000	12000.000000000000000000000000000000	0	12	20	0	0	roll
30	2021-11-13 06:43:50.996	2021-11-13 06:43:50.996	gembok majesty 40 mm	11000.000000000000000000000000000000	15000.000000000000000000000000000000	0	0	6	0	0	pcs
2	2021-11-13 06:43:50.996	2021-11-13 06:43:50.996	aceton heviny 60 ml	2000.000000000000000000000000000000	6000.000000000000000000000000000000	0	0	150	0	0	pcs
42	2021-11-13 06:43:50.996	2021-11-13 06:43:50.996	gunting m2000 kecil hitam	2250.000000000000000000000000000000	6250.000000000000000000000000000000	0	24	24	0	0	pcs
9	2021-11-13 06:43:50.996	2021-11-13 06:43:50.996	cottonbuds cici bayi	26000.000000000000000000000000000000	30000.000000000000000000000000000000	0	16	10	0	0	lusin
31	2021-11-13 06:43:50.996	2021-11-13 06:43:50.996	gosok panci	23000.000000000000000000000000000000	27000.000000000000000000000000000000	0	68	24	0	0	lusin
32	2021-11-13 06:43:50.996	2021-11-13 06:43:50.996	gunting kuku honaga 611 a	68000.000000000000000000000000000000	72000.000000000000000000000000000000	0	0	10	0	0	lusin
22	2021-11-13 06:43:50.996	2021-11-13 06:43:50.996	fitting lampu kamar heroic he-4410	2500.000000000000000000000000000000	6500.000000000000000000000000000000	0	14	18	0	0	pcs
68	2021-11-13 06:43:50.996	2021-11-13 06:43:50.996	kalkulator citizen ct 500	51000.000000000000000000000000000000	55000.000000000000000000000000000000	0	0	0	0	0	pcs
69	2021-11-13 06:43:50.996	2021-11-13 06:43:50.996	kalkulator citizen ct 660	95000.000000000000000000000000000000	99000.000000000000000000000000000000	0	1	0	0	0	pcs
71	2021-11-13 06:43:50.996	2021-11-13 06:43:50.996	kalkulator citizen ct 720	40500.000000000000000000000000000000	44500.000000000000000000000000000000	0	0	0	0	0	pcs
72	2021-11-13 06:43:50.996	2021-11-13 06:43:50.996	kalkulator citizen ct 9912	64500.000000000000000000000000000000	68500.000000000000000000000000000000	0	1	0	0	0	pcs
73	2021-11-13 06:43:50.996	2021-11-13 06:43:50.996	kalkulator citizen sdc 612c	121000.000000000000000000000000000000	125000.000000000000000000000000000000	0	1	0	0	0	pcs
74	2021-11-13 06:43:50.996	2021-11-13 06:43:50.996	kalkulator citizen sdc 868m	95000.000000000000000000000000000000	99000.000000000000000000000000000000	0	1	0	0	0	pcs
75	2021-11-13 06:43:50.996	2021-11-13 06:43:50.996	kanebo speed-r	16000.000000000000000000000000000000	20000.000000000000000000000000000000	0	36	0	0	0	pcs
78	2021-11-13 06:43:50.996	2021-11-13 06:43:50.996	keran air hendso 3 / 4 dim	16000.000000000000000000000000000000	20000.000000000000000000000000000000	0	24	0	0	0	pcs
79	2021-11-13 06:43:50.996	2021-11-13 06:43:50.996	keran air onda 3 / 4 dim	11000.000000000000000000000000000000	15000.000000000000000000000000000000	0	24	0	0	0	pcs
80	2021-11-13 06:43:50.996	2021-11-13 06:43:50.996	keran air tovo 3 / 4 dim	17250.000000000000000000000000000000	21250.000000000000000000000000000000	0	24	0	0	0	pcs
83	2021-11-13 06:43:50.996	2021-11-13 06:43:50.996	lakban cokelat besar	8500.000000000000000000000000000000	12500.000000000000000000000000000000	0	30	0	0	0	pcs
86	2021-11-13 06:43:50.996	2021-11-13 06:43:50.996	lakban hitam opp	7000.000000000000000000000000000000	11000.000000000000000000000000000000	0	0	0	0	0	pcs
88	2021-11-13 06:43:50.996	2021-11-13 06:43:50.996	lakban kain 2 millenium	13500.000000000000000000000000000000	17500.000000000000000000000000000000	0	30	0	0	0	pcs
89	2021-11-13 06:43:50.996	2021-11-13 06:43:50.996	lampu yazuho 2u 15 watt	6000.000000000000000000000000000000	10000.000000000000000000000000000000	0	0	0	0	0	pcs
90	2021-11-13 06:43:50.996	2021-11-13 06:43:50.996	lampu yazuho 2u 18 watt	6000.000000000000000000000000000000	10000.000000000000000000000000000000	0	0	0	0	0	pcs
91	2021-11-13 06:43:50.996	2021-11-13 06:43:50.996	lampu yazuho 2u 20 watt	6000.000000000000000000000000000000	10000.000000000000000000000000000000	0	36	0	0	0	pcs
93	2021-11-13 06:43:50.996	2021-11-13 06:43:50.996	lampu led emergency flashycom - 12 watt	71000.000000000000000000000000000000	75000.000000000000000000000000000000	0	0	0	0	0	pcs
94	2021-11-13 06:43:50.996	2021-11-13 06:43:50.996	lampu led stark - 5 watt	61000.000000000000000000000000000000	65000.000000000000000000000000000000	0	12	0	0	0	pcs
102	2021-11-13 06:43:50.996	2021-11-13 06:43:50.996	lampu zentama spiral 25 watt	13500.000000000000000000000000000000	17500.000000000000000000000000000000	0	0	0	0	0	pcs
103	2021-11-13 06:43:50.996	2021-11-13 06:43:50.996	lampu zentama spiral 30 watt	13500.000000000000000000000000000000	17500.000000000000000000000000000000	0	0	0	0	0	pcs
104	2021-11-13 06:43:50.996	2021-11-13 06:43:50.996	lampu zentama spiral 35 watt	13500.000000000000000000000000000000	17500.000000000000000000000000000000	0	0	0	0	0	pcs
109	2021-11-13 06:43:50.996	2021-11-13 06:43:50.996	lem castol sedang	65000.000000000000000000000000000000	69000.000000000000000000000000000000	0	20	0	0	0	box
112	2021-11-13 06:43:50.996	2021-11-13 06:43:50.996	lulur heviny brightening 250 gr	11000.000000000000000000000000000000	15000.000000000000000000000000000000	0	0	0	0	0	pcs
113	2021-11-13 06:43:50.996	2021-11-13 06:43:50.996	lulur heviny coffe 250 gr	11000.000000000000000000000000000000	15000.000000000000000000000000000000	0	0	0	0	0	pcs
114	2021-11-13 06:43:50.996	2021-11-13 06:43:50.996	lulur heviny green tea 250 gr	11000.000000000000000000000000000000	15000.000000000000000000000000000000	0	0	0	0	0	pcs
115	2021-11-13 06:43:50.996	2021-11-13 06:43:50.996	lulur heviny madu susu 250 gr	11000.000000000000000000000000000000	15000.000000000000000000000000000000	0	0	0	0	0	pcs
116	2021-11-13 06:43:50.996	2021-11-13 06:43:50.996	lulur heviny mutiara 250 gr	11000.000000000000000000000000000000	15000.000000000000000000000000000000	0	0	0	0	0	pcs
117	2021-11-13 06:43:50.996	2021-11-13 06:43:50.996	lulur heviny strawberry 250 gr	11000.000000000000000000000000000000	15000.000000000000000000000000000000	0	0	0	0	0	pcs
122	2021-11-13 06:43:50.996	2021-11-13 06:43:50.996	peniti swan	50000.000000000000000000000000000000	54000.000000000000000000000000000000	0	5	0	0	0	box
125	2021-11-13 06:43:50.996	2021-11-13 06:43:50.996	pinset polos stainless	71000.000000000000000000000000000000	75000.000000000000000000000000000000	0	0	0	0	0	lusin
126	2021-11-13 06:43:50.996	2021-11-13 06:43:50.996	pinset polos mas	74000.000000000000000000000000000000	78000.000000000000000000000000000000	0	1	0	0	0	lusin
127	2021-11-13 06:43:50.996	2021-11-13 06:43:50.996	pinset jerawat kislene jarum	71000.000000000000000000000000000000	75000.000000000000000000000000000000	0	1	0	0	0	lusin
128	2021-11-13 06:43:50.996	2021-11-13 06:43:50.996	pinset jerawat kislene bulat	71000.000000000000000000000000000000	75000.000000000000000000000000000000	0	1	0	0	0	lusin
123	2021-11-13 06:43:50.996	2021-11-13 06:43:50.996	pinset motif	71000.000000000000000000000000000000	75000.000000000000000000000000000000	0	0	2	0	0	lusin
110	2021-11-13 06:43:50.996	2021-11-13 06:43:50.996	lem castol mini	56000.000000000000000000000000000000	60000.000000000000000000000000000000	0	11	2	0	0	box
70	2021-11-13 06:43:50.996	2021-11-13 06:43:50.996	kalkulator citizen ct 712	97500.000000000000000000000000000000	101500.000000000000000000000000000000	0	1	2	0	0	pcs
124	2021-11-13 06:43:50.996	2021-11-13 06:43:50.996	pinset polos silver	68000.000000000000000000000000000000	72000.000000000000000000000000000000	0	2	2	0	0	lusin
81	2021-11-13 06:43:50.996	2021-11-13 06:43:50.996	kipas angin tangan hello kitty	20000.000000000000000000000000000000	24000.000000000000000000000000000000	0	9	3	0	0	pcs
82	2021-11-13 06:43:50.996	2021-11-13 06:43:50.996	lakban bening besar	8500.000000000000000000000000000000	12500.000000000000000000000000000000	0	24	48	0	0	pcs
76	2021-11-13 06:43:50.996	2021-11-13 06:43:50.996	kapur ajaib bagus	11000.000000000000000000000000000000	15000.000000000000000000000000000000	0	32	88	0	0	box
92	2021-11-13 06:43:50.996	2021-11-13 06:43:50.996	lampu led emergency flashycom - 5 watt	61000.000000000000000000000000000000	65000.000000000000000000000000000000	0	0	4	0	0	pcs
105	2021-11-13 06:43:50.996	2021-11-13 06:43:50.996	lampu ins ekonomis 2u 5 watt	6000.000000000000000000000000000000	10000.000000000000000000000000000000	0	27	114	0	0	pcs
67	2021-11-13 06:43:50.996	2021-11-13 06:43:50.996	kalkulator citizen ct 2000	71000.000000000000000000000000000000	75000.000000000000000000000000000000	0	1	2	0	0	pcs
106	2021-11-13 06:43:50.996	2021-11-13 06:43:50.996	lampu ins ekonomis 2u 7 watt	6000.000000000000000000000000000000	10000.000000000000000000000000000000	0	27	114	0	0	pcs
132	2021-11-13 06:43:50.996	2021-11-13 06:43:50.996	raket nyamuk sivicom	53500.000000000000000000000000000000	57500.000000000000000000000000000000	0	3	24	0	0	pcs
121	2021-11-13 06:43:50.996	2021-11-13 06:43:50.996	pensil alis justmiss 311 - cokelat	71000.000000000000000000000000000000	75000.000000000000000000000000000000	0	0	2	0	0	lusin
119	2021-11-13 06:43:50.996	2021-11-13 06:43:50.996	obeng test pen - kecil	1500.000000000000000000000000000000	5500.000000000000000000000000000000	0	0	24	0	0	pcs
77	2021-11-13 06:43:50.996	2021-11-13 06:43:50.996	keran air hendso 1 / 2 dim	14750.000000000000000000000000000000	18750.000000000000000000000000000000	0	12	12	0	0	pcs
84	2021-11-13 06:43:50.996	2021-11-13 06:43:50.996	lakban bening opp	6500.000000000000000000000000000000	10500.000000000000000000000000000000	0	36	84	0	0	pcs
85	2021-11-13 06:43:50.996	2021-11-13 06:43:50.996	lakban cokelat opp	6500.000000000000000000000000000000	10500.000000000000000000000000000000	0	114	60	0	0	pcs
134	2021-11-13 06:43:50.996	2021-11-13 06:43:50.996	sapu panjang warna hitam - dynamic	18500.000000000000000000000000000000	22500.000000000000000000000000000000	0	12	30	0	0	pcs
130	2021-11-13 06:43:50.996	2021-11-13 06:43:50.996	pisau cutter kecil	32000.000000000000000000000000000000	36000.000000000000000000000000000000	0	0	4	0	0	lusin
111	2021-11-13 06:43:50.996	2021-11-13 06:43:50.996	lem g	3500.000000000000000000000000000000	7500.000000000000000000000000000000	0	49	252	0	0	pcs
95	2021-11-13 06:43:50.996	2021-11-13 06:43:50.996	lampu led stark 13 - watt	71000.000000000000000000000000000000	75000.000000000000000000000000000000	0	12	12	0	0	pcs
135	2021-11-13 06:43:50.996	2021-11-13 06:43:50.996	sapu panjang motif - dynamic	20500.000000000000000000000000000000	24500.000000000000000000000000000000	0	12	51	0	0	pcs
118	2021-11-13 06:43:50.996	2021-11-13 06:43:50.996	meteran frt transparan 3 meter	7250.000000000000000000000000000000	11250.000000000000000000000000000000	0	0	12	0	0	pcs
120	2021-11-13 06:43:50.996	2021-11-13 06:43:50.996	paku tindis	9500.000000000000000000000000000000	13500.000000000000000000000000000000	0	15	20	0	0	box
96	2021-11-13 06:43:50.996	2021-11-13 06:43:50.996	lampu pancaran 3u 25 watt	11000.000000000000000000000000000000	15000.000000000000000000000000000000	0	12	36	0	0	pcs
97	2021-11-13 06:43:50.996	2021-11-13 06:43:50.996	lampu pancaran 3u 30 watt	11000.000000000000000000000000000000	15000.000000000000000000000000000000	0	12	36	0	0	pcs
107	2021-11-13 06:43:50.996	2021-11-13 06:43:50.996	lampu maxxis spiral 25 watt	13500.000000000000000000000000000000	17500.000000000000000000000000000000	0	24	6	0	0	pcs
131	2021-11-13 06:43:50.996	2021-11-13 06:43:50.996	raket nyamuk sentosa	43500.000000000000000000000000000000	47500.000000000000000000000000000000	0	2	26	0	0	pcs
108	2021-11-13 06:43:50.996	2021-11-13 06:43:50.996	lampu maxxis spiral 35 watt	13500.000000000000000000000000000000	17500.000000000000000000000000000000	0	24	6	0	0	pcs
137	2021-11-13 06:43:50.996	2021-11-13 06:43:50.996	senter push on fl1004	16000.000000000000000000000000000000	20000.000000000000000000000000000000	0	25	0	0	0	pcs
140	2021-11-13 06:43:50.996	2021-11-13 06:43:50.996	sikat gigi premier action	51000.000000000000000000000000000000	55000.000000000000000000000000000000	0	0	0	0	0	lusin
143	2021-11-13 06:43:50.996	2021-11-13 06:43:50.996	sikat gigi premier bobo classic	38000.000000000000000000000000000000	42000.000000000000000000000000000000	0	0	0	0	0	lusin
144	2021-11-13 06:43:50.996	2021-11-13 06:43:50.996	sikat gigi premier bobo junior	89000.000000000000000000000000000000	93000.000000000000000000000000000000	0	0	0	0	0	lusin
146	2021-11-13 06:43:50.996	2021-11-13 06:43:50.996	sikat gigi premier classic medium	44000.000000000000000000000000000000	48000.000000000000000000000000000000	0	0	0	0	0	lusin
156	2021-11-13 06:43:50.996	2021-11-13 06:43:50.996	sikat sepatu kayu	41000.000000000000000000000000000000	45000.000000000000000000000000000000	0	2	0	0	0	lusin
163	2021-11-13 06:43:50.996	2021-11-13 06:43:50.996	sisir rata 7414	-1000.000000000000000000000000000000	1000.000000000000000000000000000000	0	0	0	0	0	pcs
165	2021-11-13 06:43:50.996	2021-11-13 06:43:50.996	sisir saku 2005	-1500.000000000000000000000000000000	1000.000000000000000000000000000000	0	0	0	0	0	pcs
167	2021-11-13 06:43:50.996	2021-11-13 06:43:50.996	sisir saku loreng	26000.000000000000000000000000000000	30000.000000000000000000000000000000	0	1	0	0	0	lusin
170	2021-11-13 06:43:50.996	2021-11-13 06:43:50.996	sisir semir hitam	41000.000000000000000000000000000000	45000.000000000000000000000000000000	0	0	0	0	0	lusin
175	2021-11-13 06:43:50.996	2021-11-13 06:43:50.996	stop kontak 981 - kayu	104000.000000000000000000000000000000	108000.000000000000000000000000000000	0	0	0	0	0	pcs
176	2021-11-13 06:43:50.996	2021-11-13 06:43:50.996	stop kontak 982 - kayu	104000.000000000000000000000000000000	108000.000000000000000000000000000000	0	0	0	0	0	pcs
177	2021-11-13 06:43:50.996	2021-11-13 06:43:50.996	stop kontak 984 - kayu	104000.000000000000000000000000000000	108000.000000000000000000000000000000	0	0	0	0	0	pcs
178	2021-11-13 06:43:50.996	2021-11-13 06:43:50.996	stop kontak 991 - kayu	104000.000000000000000000000000000000	108000.000000000000000000000000000000	0	0	0	0	0	pcs
180	2021-11-13 06:43:50.996	2021-11-13 06:43:50.996	stop kontak 802 - tembok	92000.000000000000000000000000000000	96000.000000000000000000000000000000	0	0	0	0	0	pcs
181	2021-11-13 06:43:50.996	2021-11-13 06:43:50.996	stop kontak 804 - tembok	92000.000000000000000000000000000000	96000.000000000000000000000000000000	0	0	0	0	0	pcs
182	2021-11-13 06:43:50.996	2021-11-13 06:43:50.996	stop kontak 891 - tembok	92000.000000000000000000000000000000	96000.000000000000000000000000000000	0	0	0	0	0	pcs
183	2021-11-13 06:43:50.996	2021-11-13 06:43:50.996	steker over yaichi	0.000000000000000000000000000000	4000.000000000000000000000000000000	0	24	0	0	0	pcs
190	2021-11-13 06:43:50.996	2021-11-13 06:43:50.996	terminal polos sunfree 5 lubang 3 meter	16000.000000000000000000000000000000	20000.000000000000000000000000000000	0	13	0	0	0	pcs
193	2021-11-13 06:43:50.996	2021-11-13 06:43:50.996	terminal polos sunfree 5 lubang 5 meter	19500.000000000000000000000000000000	23500.000000000000000000000000000000	0	12	0	0	0	pcs
194	2021-11-13 06:43:50.996	2021-11-13 06:43:50.996	terminal polos sunfree 3 lubang 1,5 meter	17000.000000000000000000000000000000	21000.000000000000000000000000000000	0	0	0	0	0	pcs
196	2021-11-13 06:43:50.996	2021-11-13 06:43:50.996	terminal polos sunfree 5 lubang 1,5 meter	19000.000000000000000000000000000000	23000.000000000000000000000000000000	0	0	0	0	0	pcs
198	2021-11-13 06:43:50.996	2021-11-13 06:43:50.996	terminal polos 4 lubang tanpa kabel	14500.000000000000000000000000000000	18500.000000000000000000000000000000	0	0	0	0	0	pcs
199	2021-11-13 06:43:50.996	2021-11-13 06:43:50.996	terminal polos 5 lubang tanpa kabel	15500.000000000000000000000000000000	19500.000000000000000000000000000000	0	0	0	0	0	pcs
200	2021-11-13 06:43:50.996	2021-11-13 06:43:50.996	terminal tanpa kabel trm 3 lubang + switch	18000.000000000000000000000000000000	22000.000000000000000000000000000000	0	3	0	0	0	pcs
201	2021-11-13 06:43:50.996	2021-11-13 06:43:50.996	terminal warna multicord 3 lubang 3 meter	18000.000000000000000000000000000000	22000.000000000000000000000000000000	0	12	0	0	0	pcs
202	2021-11-13 06:43:50.996	2021-11-13 06:43:50.996	terminal warna multicord 4 lubang 3 meter	19000.000000000000000000000000000000	23000.000000000000000000000000000000	0	3	0	0	0	pcs
161	2021-11-13 06:43:50.996	2021-11-13 06:43:50.996	sisir gagang polos	56000.000000000000000000000000000000	60000.000000000000000000000000000000	0	0	1	0	0	lusin
155	2021-11-13 06:43:50.996	2021-11-13 06:43:50.996	sikat pakaian plastik	38000.000000000000000000000000000000	42000.000000000000000000000000000000	0	10	2	0	0	lusin
160	2021-11-13 06:43:50.996	2021-11-13 06:43:50.996	sisir gagang motif	62000.000000000000000000000000000000	66000.000000000000000000000000000000	0	2	2	0	0	lusin
172	2021-11-13 06:43:50.996	2021-11-13 06:43:50.996	spon cuci piring - warna	-1500.000000000000000000000000000000	1000.000000000000000000000000000000	0	60	120	0	0	pcs
139	2021-11-13 06:43:50.996	2021-11-13 06:43:50.996	shower cup motif - animal	3500.000000000000000000000000000000	7500.000000000000000000000000000000	0	24	36	0	0	pcs
142	2021-11-13 06:43:50.996	2021-11-13 06:43:50.996	sikat gigi premier basic soft	44000.000000000000000000000000000000	48000.000000000000000000000000000000	0	0	8	0	0	lusin
147	2021-11-13 06:43:50.996	2021-11-13 06:43:50.996	sikat gigi premier classic soft	44000.000000000000000000000000000000	48000.000000000000000000000000000000	0	0	4	0	0	lusin
179	2021-11-13 06:43:50.996	2021-11-13 06:43:50.996	stop kontak 801 - tembok	92000.000000000000000000000000000000	96000.000000000000000000000000000000	0	0	12	0	0	pcs
136	2021-11-13 06:43:50.996	2021-11-13 06:43:50.996	sapu panjang karet - dynamic	19500.000000000000000000000000000000	23500.000000000000000000000000000000	0	24	18	0	0	pcs
168	2021-11-13 06:43:50.996	2021-11-13 06:43:50.996	sisir segiempat loreng	56000.000000000000000000000000000000	60000.000000000000000000000000000000	0	0	1	0	0	lusin
184	2021-11-13 06:43:50.996	2021-11-13 06:43:50.996	steker gepeng tris	0.000000000000000000000000000000	4000.000000000000000000000000000000	0	108	24	0	0	pcs
188	2021-11-13 06:43:50.996	2021-11-13 06:43:50.996	terminal polos sunfree 3 lubang 3 meter	14000.000000000000000000000000000000	18000.000000000000000000000000000000	0	12	24	0	0	pcs
191	2021-11-13 06:43:50.996	2021-11-13 06:43:50.996	terminal polos sunfree 3 lubang 5 meter	17500.000000000000000000000000000000	21500.000000000000000000000000000000	0	9	15	0	0	pcs
145	2021-11-13 06:43:50.996	2021-11-13 06:43:50.996	sikat gigi premier bobo travel	95000.000000000000000000000000000000	99000.000000000000000000000000000000	0	5	4	0	0	lusin
185	2021-11-13 06:43:50.996	2021-11-13 06:43:50.996	steker bulat	2000.000000000000000000000000000000	6000.000000000000000000000000000000	0	58	36	0	0	pcs
169	2021-11-13 06:43:50.996	2021-11-13 06:43:50.996	sisir segiempat motif	62000.000000000000000000000000000000	66000.000000000000000000000000000000	0	0	2	0	0	lusin
173	2021-11-13 06:43:50.996	2021-11-13 06:43:50.996	spon bedak bulat	21000.000000000000000000000000000000	25000.000000000000000000000000000000	0	9	6	0	0	lusin
174	2021-11-13 06:43:50.996	2021-11-13 06:43:50.996	spon bedak segi	21000.000000000000000000000000000000	25000.000000000000000000000000000000	0	9	6	0	0	lusin
197	2021-11-13 06:43:50.996	2021-11-13 06:43:50.996	terminal polos 3 lubang tanpa kabel	13500.000000000000000000000000000000	17500.000000000000000000000000000000	0	0	3	0	0	pcs
195	2021-11-13 06:43:50.996	2021-11-13 06:43:50.996	terminal polos sunfree 4 lubang 1,5 meter	18000.000000000000000000000000000000	22000.000000000000000000000000000000	0	0	6	0	0	pcs
159	2021-11-13 06:43:50.996	2021-11-13 06:43:50.996	sisir gagang loreng	62000.000000000000000000000000000000	66000.000000000000000000000000000000	0	0	2	0	0	lusin
162	2021-11-13 06:43:50.996	2021-11-13 06:43:50.996	sisir sasak 7413	-1000.000000000000000000000000000000	1000.000000000000000000000000000000	0	12	36	0	0	pcs
187	2021-11-13 06:43:50.996	2021-11-13 06:43:50.996	sumbu kompor kecil	18500.000000000000000000000000000000	22500.000000000000000000000000000000	0	30	24	0	0	roll
153	2021-11-13 06:43:50.996	2021-11-13 06:43:50.996	sikat gigi premier twin plus	116000.000000000000000000000000000000	120000.000000000000000000000000000000	0	3	8	0	0	lusin
186	2021-11-13 06:43:50.996	2021-11-13 06:43:50.996	sumbu kompor besar	31000.000000000000000000000000000000	35000.000000000000000000000000000000	0	2	24	0	0	roll
151	2021-11-13 06:43:50.996	2021-11-13 06:43:50.996	sikat gigi premier superior	51000.000000000000000000000000000000	55000.000000000000000000000000000000	0	6	8	0	0	lusin
158	2021-11-13 06:43:50.996	2021-11-13 06:43:50.996	sisir kutu motif - cokelat	47000.000000000000000000000000000000	51000.000000000000000000000000000000	0	0	10	0	0	lusin
189	2021-11-13 06:43:50.996	2021-11-13 06:43:50.996	terminal polos sunfree 4 lubang 3 meter	15000.000000000000000000000000000000	19000.000000000000000000000000000000	0	12	6	0	0	pcs
192	2021-11-13 06:43:50.996	2021-11-13 06:43:50.996	terminal polos sunfree 4 lubang 5 meter	18500.000000000000000000000000000000	22500.000000000000000000000000000000	0	12	12	0	0	pcs
157	2021-11-13 06:43:50.996	2021-11-13 06:43:50.996	silet goal	48500.000000000000000000000000000000	52500.000000000000000000000000000000	0	15	12	0	0	lusin
203	2021-11-13 06:43:50.996	2021-11-13 06:43:50.996	terminal warna multicord 5 lubang 3 meter	20000.000000000000000000000000000000	24000.000000000000000000000000000000	0	3	0	0	0	pcs
206	2021-11-13 06:43:50.996	2021-11-13 06:43:50.996	terminal warna 5 lubang 1,5 meter	15000.000000000000000000000000000000	19000.000000000000000000000000000000	0	6	0	0	0	pcs
207	2021-11-13 06:43:50.996	2021-11-13 06:43:50.996	terminal warna 6 lubang 1,5 meter	14000.000000000000000000000000000000	18000.000000000000000000000000000000	0	6	0	0	0	pcs
208	2021-11-13 06:43:50.996	2021-11-13 06:43:50.996	terminal warna 3 lubang 5 meter	24000.000000000000000000000000000000	28000.000000000000000000000000000000	0	6	0	0	0	pcs
210	2021-11-13 06:43:50.996	2021-11-13 06:43:50.996	terminal warna 5 lubang 5 meter	26500.000000000000000000000000000000	30500.000000000000000000000000000000	0	0	0	0	0	pcs
211	2021-11-13 06:43:50.996	2021-11-13 06:43:50.996	terminal warna 3 lubang tanpa kabel	10500.000000000000000000000000000000	14500.000000000000000000000000000000	0	0	0	0	0	pcs
212	2021-11-13 06:43:50.996	2021-11-13 06:43:50.996	terminal warna 4 lubang tanpa kabel	11500.000000000000000000000000000000	15500.000000000000000000000000000000	0	0	0	0	0	pcs
213	2021-11-13 06:43:50.996	2021-11-13 06:43:50.996	terminal warna 5 lubang tanpa kabel	12500.000000000000000000000000000000	16500.000000000000000000000000000000	0	0	0	0	0	pcs
214	2021-11-13 06:43:50.996	2021-11-13 06:43:50.996	terminal warna 6 lubang tanpa kabel	13500.000000000000000000000000000000	17500.000000000000000000000000000000	0	0	0	0	0	pcs
215	2021-11-13 06:43:50.996	2021-11-13 06:43:50.996	thai pepaya lightening soap 50 gr	4000.000000000000000000000000000000	8000.000000000000000000000000000000	0	12	0	0	0	pcs
150	2021-11-13 06:43:50.996	2021-11-13 06:43:50.996	sikat gigi premier deluxe	51000.000000000000000000000000000000	55000.000000000000000000000000000000	0	1	6	0	0	lusin
57	2021-11-13 06:43:50.996	2021-11-13 06:43:50.996	jarum tangan voxy	44000.000000000000000000000000000000	48000.000000000000000000000000000000	0	4	2	0	0	box
133	2021-11-13 06:43:50.996	2021-11-13 06:43:50.996	sapu panjang warna dynamic	14750.000000000000000000000000000000	18750.000000000000000000000000000000	0	18	90	0	0	pcs
166	2021-11-13 06:43:50.996	2021-11-13 06:43:50.996	sisir saku 2006	-1500.000000000000000000000000000000	1000.000000000000000000000000000000	0	25	13	0	0	lusin
36	2021-11-13 06:43:50.996	2021-11-13 06:43:50.996	gunting kuku honaga 612 a	86000.000000000000000000000000000000	90000.000000000000000000000000000000	0	1	3	0	0	lusin
141	2021-11-13 06:43:50.996	2021-11-13 06:43:50.996	sikat gigi premier basic medium	44000.000000000000000000000000000000	48000.000000000000000000000000000000	0	0	4	0	0	lusin
43	2021-11-13 06:43:50.996	2021-11-13 06:43:50.996	gunting m2000 kecil renteng	68000.000000000000000000000000000000	72000.000000000000000000000000000000	0	0	6	0	0	lusin
164	2021-11-13 06:43:50.996	2021-11-13 06:43:50.996	sisir rata warna	-1000.000000000000000000000000000000	1000.000000000000000000000000000000	0	144	39	0	0	pcs
171	2021-11-13 06:43:50.996	2021-11-13 06:43:50.996	spon cuci piring - segi	23000.000000000000000000000000000000	27000.000000000000000000000000000000	0	24	22	0	0	lusin
98	2021-11-13 06:43:50.996	2021-11-13 06:43:50.996	lampu pancaran 3u 35 watt	11000.000000000000000000000000000000	15000.000000000000000000000000000000	0	15	36	0	0	pcs
99	2021-11-13 06:43:50.996	2021-11-13 06:43:50.996	lampu pancaran spiral 25 watt	13500.000000000000000000000000000000	17500.000000000000000000000000000000	0	3	36	0	0	pcs
100	2021-11-13 06:43:50.996	2021-11-13 06:43:50.996	lampu pancaran spiral 30 watt	13500.000000000000000000000000000000	17500.000000000000000000000000000000	0	3	36	0	0	pcs
138	2021-11-13 06:43:50.996	2021-11-13 06:43:50.996	shower cup jun da - putih	56000.000000000000000000000000000000	60000.000000000000000000000000000000	0	1	2	0	0	lusin
101	2021-11-13 06:43:50.996	2021-11-13 06:43:50.996	lampu pancaran spiral 35 watt	13500.000000000000000000000000000000	17500.000000000000000000000000000000	0	6	36	0	0	pcs
149	2021-11-13 06:43:50.996	2021-11-13 06:43:50.996	sikat gigi premier comfort soft	38000.000000000000000000000000000000	42000.000000000000000000000000000000	0	5	8	0	0	lusin
87	2021-11-13 06:43:50.996	2021-11-13 06:43:50.996	lakban hitam besar tebal	11500.000000000000000000000000000000	15500.000000000000000000000000000000	0	6	60	0	0	pcs
148	2021-11-13 06:43:50.996	2021-11-13 06:43:50.996	sikat gigi premier comfort medium	38000.000000000000000000000000000000	42000.000000000000000000000000000000	0	8	10	0	0	lusin
204	2021-11-13 06:43:50.996	2021-11-13 06:43:50.996	terminal warna 3 lubang 1,5 meter	12000.000000000000000000000000000000	16000.000000000000000000000000000000	0	6	6	0	0	pcs
205	2021-11-13 06:43:50.996	2021-11-13 06:43:50.996	terminal warna 4 lubang 1,5 meter	18500.000000000000000000000000000000	22500.000000000000000000000000000000	0	6	6	0	0	pcs
209	2021-11-13 06:43:50.996	2021-11-13 06:43:50.996	terminal warna 4 lubang 5 meter	25500.000000000000000000000000000000	29500.000000000000000000000000000000	0	12	6	0	0	pcs
152	2021-11-13 06:43:50.996	2021-11-13 06:43:50.996	sikat gigi premier travel pack	106000.000000000000000000000000000000	110000.000000000000000000000000000000	0	7	10	0	0	lusin
65	2021-11-13 06:43:50.996	2021-11-13 06:43:50.996	kain pel sedang dynamic	16000.000000000000000000000000000000	20000.000000000000000000000000000000	0	43	162	0	0	pcs
129	2021-11-13 06:43:50.996	2021-11-13 06:43:50.996	pisau cutter besar	35000.000000000000000000000000000000	39000.000000000000000000000000000000	0	7	10	0	0	lusin
154	2021-11-13 06:43:50.996	2021-11-13 06:43:50.996	sikat pakaian kayu	35000.000000000000000000000000000000	39000.000000000000000000000000000000	0	9	10	0	0	lusin
\.


--
-- Data for Name: ProductCategory; Type: TABLE DATA; Schema: public; Owner: postgres
--

COPY public."ProductCategory" (id, "createdAt", "updatedAt", title) FROM stdin;
\.


--
-- Data for Name: RecordEquity; Type: TABLE DATA; Schema: public; Owner: postgres
--

COPY public."RecordEquity" (id, "createdAt", nominal) FROM stdin;
1	2015-01-15 00:00:00	50000000.000000000000000000000000000000
3	2021-02-27 16:00:00	71114250.000000000000000000000000000000
\.


--
-- Data for Name: RecordProduct; Type: TABLE DATA; Schema: public; Owner: postgres
--

COPY public."RecordProduct" (date, hpp) FROM stdin;
2021-01-01 00:00:00	0.000000000000000000000000000000
2021-01-31 00:00:00	0.000000000000000000000000000000
\.


--
-- Data for Name: StockItem; Type: TABLE DATA; Schema: public; Owner: postgres
--

COPY public."StockItem" (id, "createdAt", "updatedAt", "authorId", "productId", "orderId", "buyPrice", "sellPrice", discount, quantity, available, sold, defect, returned) FROM stdin;
\.


--
-- Data for Name: Tool; Type: TABLE DATA; Schema: public; Owner: postgres
--

COPY public."Tool" (id, "createdAt", "updatedAt", title, description) FROM stdin;
\.


--
-- Data for Name: Transaction; Type: TABLE DATA; Schema: public; Owner: postgres
--

COPY public."Transaction" (id, "createdAt", "updatedAt", "authorId", type, status, "paymentMethod", nominal, "orderId", "delayId", "opexId", "toolId", "equityChangeId", "investmentId", "pengembalianModalFlag", description) FROM stdin;
1	2015-01-14 00:00:00	2015-01-14 00:00:00	1	CREDIT	SUCCESS	ONLINE	50000000.000000000000000000000000000000	\N	\N	\N	\N	1	\N	\N	Penambahan modal
2	2021-01-03 16:00:00	2021-01-03 16:00:00	1	CREDIT	SUCCESS	OFFLINE	10000.000000000000000000000000000000	\N	\N	1	\N	\N	\N	\N	\N
3	2021-01-04 16:00:00	2021-01-04 16:00:00	1	CREDIT	SUCCESS	OFFLINE	10000.000000000000000000000000000000	\N	\N	1	\N	\N	\N	\N	\N
4	2021-01-04 16:00:00	2021-01-04 16:00:00	1	CREDIT	SUCCESS	OFFLINE	165000.000000000000000000000000000000	\N	\N	1	\N	\N	\N	\N	\N
5	2021-01-05 16:00:00	2021-01-05 16:00:00	1	CREDIT	SUCCESS	OFFLINE	10000.000000000000000000000000000000	\N	\N	1	\N	\N	\N	\N	\N
6	2021-01-06 16:00:00	2021-01-06 16:00:00	1	CREDIT	SUCCESS	OFFLINE	10000.000000000000000000000000000000	\N	\N	1	\N	\N	\N	\N	\N
7	2021-01-07 16:00:00	2021-01-07 16:00:00	1	CREDIT	SUCCESS	OFFLINE	10000.000000000000000000000000000000	\N	\N	1	\N	\N	\N	\N	\N
8	2021-01-07 16:00:00	2021-01-07 16:00:00	1	CREDIT	SUCCESS	OFFLINE	165000.000000000000000000000000000000	\N	\N	1	\N	\N	\N	\N	\N
9	2021-01-07 16:00:00	2021-01-07 16:00:00	1	CREDIT	SUCCESS	OFFLINE	203250.000000000000000000000000000000	\N	\N	2	\N	\N	\N	\N	\N
10	2021-01-07 16:00:00	2021-01-07 16:00:00	1	CREDIT	SUCCESS	OFFLINE	63000.000000000000000000000000000000	\N	\N	2	\N	\N	\N	\N	\N
11	2021-01-08 16:00:00	2021-01-08 16:00:00	1	CREDIT	SUCCESS	OFFLINE	160000.000000000000000000000000000000	\N	\N	3	\N	\N	\N	\N	\N
12	2021-01-08 16:00:00	2021-01-08 16:00:00	1	CREDIT	SUCCESS	OFFLINE	10000.000000000000000000000000000000	\N	\N	1	\N	\N	\N	\N	\N
13	2021-01-08 16:00:00	2021-01-08 16:00:00	1	CREDIT	SUCCESS	OFFLINE	22500.000000000000000000000000000000	\N	\N	4	\N	\N	\N	\N	\N
14	2021-01-10 16:00:00	2021-01-10 16:00:00	1	CREDIT	SUCCESS	OFFLINE	10000.000000000000000000000000000000	\N	\N	1	\N	\N	\N	\N	\N
15	2021-01-10 16:00:00	2021-01-10 16:00:00	1	CREDIT	SUCCESS	OFFLINE	50000.000000000000000000000000000000	\N	\N	3	\N	\N	\N	\N	\N
16	2021-01-11 16:00:00	2021-01-11 16:00:00	1	CREDIT	SUCCESS	OFFLINE	10000.000000000000000000000000000000	\N	\N	1	\N	\N	\N	\N	\N
17	2021-01-11 16:00:00	2021-01-11 16:00:00	1	CREDIT	SUCCESS	OFFLINE	165000.000000000000000000000000000000	\N	\N	1	\N	\N	\N	\N	\N
18	2021-01-12 16:00:00	2021-01-12 16:00:00	1	CREDIT	SUCCESS	OFFLINE	10000.000000000000000000000000000000	\N	\N	1	\N	\N	\N	\N	\N
19	2021-01-13 16:00:00	2021-01-13 16:00:00	1	CREDIT	SUCCESS	OFFLINE	165000.000000000000000000000000000000	\N	\N	1	\N	\N	\N	\N	\N
20	2021-01-14 16:00:00	2021-01-14 16:00:00	1	CREDIT	SUCCESS	OFFLINE	10000.000000000000000000000000000000	\N	\N	1	\N	\N	\N	\N	\N
21	2021-01-15 16:00:00	2021-01-15 16:00:00	1	CREDIT	SUCCESS	OFFLINE	10000.000000000000000000000000000000	\N	\N	1	\N	\N	\N	\N	\N
22	2021-01-15 16:00:00	2021-01-15 16:00:00	1	CREDIT	SUCCESS	OFFLINE	165000.000000000000000000000000000000	\N	\N	1	\N	\N	\N	\N	\N
23	2021-01-17 16:00:00	2021-01-17 16:00:00	1	CREDIT	SUCCESS	OFFLINE	10000.000000000000000000000000000000	\N	\N	1	\N	\N	\N	\N	\N
24	2021-01-17 16:00:00	2021-01-17 16:00:00	1	CREDIT	SUCCESS	OFFLINE	152500.000000000000000000000000000000	\N	\N	5	\N	\N	\N	\N	\N
25	2021-01-17 16:00:00	2021-01-17 16:00:00	1	CREDIT	SUCCESS	OFFLINE	180000.000000000000000000000000000000	\N	\N	6	\N	\N	\N	\N	\N
26	2021-01-18 16:00:00	2021-01-18 16:00:00	1	CREDIT	SUCCESS	OFFLINE	10000.000000000000000000000000000000	\N	\N	1	\N	\N	\N	\N	\N
27	2021-01-18 16:00:00	2021-01-18 16:00:00	1	CREDIT	SUCCESS	OFFLINE	165000.000000000000000000000000000000	\N	\N	1	\N	\N	\N	\N	\N
28	2021-01-19 16:00:00	2021-01-19 16:00:00	1	CREDIT	SUCCESS	OFFLINE	412500.000000000000000000000000000000	\N	\N	7	\N	\N	\N	\N	\N
29	2021-01-19 16:00:00	2021-01-19 16:00:00	1	CREDIT	SUCCESS	OFFLINE	10000.000000000000000000000000000000	\N	\N	1	\N	\N	\N	\N	\N
30	2021-01-20 16:00:00	2021-01-20 16:00:00	1	CREDIT	SUCCESS	OFFLINE	10000.000000000000000000000000000000	\N	\N	1	\N	\N	\N	\N	\N
31	2021-01-20 16:00:00	2021-01-20 16:00:00	1	CREDIT	SUCCESS	OFFLINE	100000.000000000000000000000000000000	\N	\N	8	\N	\N	\N	\N	\N
32	2021-01-21 16:00:00	2021-01-21 16:00:00	1	CREDIT	SUCCESS	OFFLINE	10000.000000000000000000000000000000	\N	\N	1	\N	\N	\N	\N	\N
33	2021-01-21 16:00:00	2021-01-21 16:00:00	1	CREDIT	SUCCESS	OFFLINE	165000.000000000000000000000000000000	\N	\N	1	\N	\N	\N	\N	\N
34	2021-01-22 16:00:00	2021-01-22 16:00:00	1	CREDIT	SUCCESS	OFFLINE	120000.000000000000000000000000000000	\N	\N	9	\N	\N	\N	\N	\N
35	2021-01-22 16:00:00	2021-01-22 16:00:00	1	CREDIT	SUCCESS	OFFLINE	10000.000000000000000000000000000000	\N	\N	1	\N	\N	\N	\N	\N
36	2021-01-24 16:00:00	2021-01-24 16:00:00	1	CREDIT	SUCCESS	OFFLINE	10000.000000000000000000000000000000	\N	\N	1	\N	\N	\N	\N	\N
37	2021-01-25 16:00:00	2021-01-25 16:00:00	1	CREDIT	SUCCESS	OFFLINE	10000.000000000000000000000000000000	\N	\N	1	\N	\N	\N	\N	\N
38	2021-01-25 16:00:00	2021-01-25 16:00:00	1	CREDIT	SUCCESS	OFFLINE	165000.000000000000000000000000000000	\N	\N	1	\N	\N	\N	\N	\N
39	2021-01-26 16:00:00	2021-01-26 16:00:00	1	CREDIT	SUCCESS	OFFLINE	10000.000000000000000000000000000000	\N	\N	1	\N	\N	\N	\N	\N
40	2021-01-27 16:00:00	2021-01-27 16:00:00	1	CREDIT	SUCCESS	OFFLINE	10000.000000000000000000000000000000	\N	\N	1	\N	\N	\N	\N	\N
41	2021-01-28 16:00:00	2021-01-28 16:00:00	1	CREDIT	SUCCESS	OFFLINE	79000.000000000000000000000000000000	\N	\N	6	\N	\N	\N	\N	\N
42	2021-01-28 16:00:00	2021-01-28 16:00:00	1	CREDIT	SUCCESS	OFFLINE	10000.000000000000000000000000000000	\N	\N	1	\N	\N	\N	\N	\N
43	2021-01-28 16:00:00	2021-01-28 16:00:00	1	CREDIT	SUCCESS	OFFLINE	165000.000000000000000000000000000000	\N	\N	1	\N	\N	\N	\N	\N
44	2021-01-29 16:00:00	2021-01-29 16:00:00	1	CREDIT	SUCCESS	OFFLINE	10000.000000000000000000000000000000	\N	\N	1	\N	\N	\N	\N	\N
45	2021-01-29 16:00:00	2021-01-29 16:00:00	1	CREDIT	SUCCESS	OFFLINE	1286000.000000000000000000000000000000	\N	\N	10	\N	\N	\N	\N	\N
46	2021-01-04 16:00:00	2021-11-12 22:43:52.025	1	DEBIT	SUCCESS	CASH	39000.000000000000000000000000000000	1	\N	\N	\N	\N	\N	\N	\N
47	2021-01-04 16:00:00	2021-11-12 22:43:53.057	1	DEBIT	SUCCESS	CASH	184500.000000000000000000000000000000	2	\N	\N	\N	\N	\N	\N	\N
48	2021-01-04 16:00:00	2021-11-12 22:43:53.517	1	DEBIT	SUCCESS	CASH	90000.000000000000000000000000000000	3	\N	\N	\N	\N	\N	\N	\N
49	2021-01-04 16:00:00	2021-11-12 22:43:54.018	1	DEBIT	SUCCESS	CASH	60000.000000000000000000000000000000	4	\N	\N	\N	\N	\N	\N	\N
50	2021-01-04 16:00:00	2021-11-12 22:43:55.005	1	DEBIT	SUCCESS	CASH	379500.000000000000000000000000000000	5	\N	\N	\N	\N	\N	\N	\N
51	2021-01-04 16:00:00	2021-11-12 22:43:56.061	1	DEBIT	SUCCESS	CASH	379500.000000000000000000000000000000	6	\N	\N	\N	\N	\N	\N	\N
52	2021-01-04 16:00:00	2021-11-12 22:43:56.764	1	DEBIT	SUCCESS	CASH	120000.000000000000000000000000000000	7	\N	\N	\N	\N	\N	\N	\N
53	2021-01-04 16:00:00	2021-11-12 22:43:57.968	1	DEBIT	SUCCESS	CASH	255000.000000000000000000000000000000	8	\N	\N	\N	\N	\N	\N	\N
54	2021-01-04 16:00:00	2021-11-12 22:44:00.257	1	DEBIT	SUCCESS	CASH	446000.000000000000000000000000000000	9	\N	\N	\N	\N	\N	\N	\N
55	2021-01-04 16:00:00	2021-11-12 22:44:01.6	1	DEBIT	SUCCESS	CASH	751500.000000000000000000000000000000	10	\N	\N	\N	\N	\N	\N	\N
56	2021-01-06 16:00:00	2021-11-12 22:44:03.876	1	DEBIT	SUCCESS	CASH	289500.000000000000000000000000000000	11	\N	\N	\N	\N	\N	\N	\N
57	2021-01-06 16:00:00	2021-11-12 22:44:04.58	1	DEBIT	SUCCESS	CASH	38500.000000000000000000000000000000	12	\N	\N	\N	\N	\N	\N	\N
58	2021-01-06 16:00:00	2021-11-12 22:44:05.499	1	DEBIT	SUCCESS	CASH	142000.000000000000000000000000000000	13	\N	\N	\N	\N	\N	\N	\N
59	2021-01-06 16:00:00	2021-11-12 22:44:06.504	1	DEBIT	SUCCESS	CASH	76000.000000000000000000000000000000	14	\N	\N	\N	\N	\N	\N	\N
60	2021-01-06 16:00:00	2021-11-12 22:44:07.716	1	DEBIT	SUCCESS	CASH	627000.000000000000000000000000000000	15	\N	\N	\N	\N	\N	\N	\N
61	2021-01-07 16:00:00	2021-11-12 22:44:08.9	1	DEBIT	SUCCESS	CASH	276000.000000000000000000000000000000	16	\N	\N	\N	\N	\N	\N	\N
62	2021-01-07 16:00:00	2021-11-12 22:44:09.312	1	DEBIT	SUCCESS	CASH	165000.000000000000000000000000000000	17	\N	\N	\N	\N	\N	\N	\N
63	2021-01-07 16:00:00	2021-11-12 22:44:13.191	1	DEBIT	SUCCESS	CASH	966000.000000000000000000000000000000	18	\N	\N	\N	\N	\N	\N	\N
64	2021-01-07 16:00:00	2021-11-12 22:44:17.926	1	DEBIT	SUCCESS	CASH	1227000.000000000000000000000000000000	19	\N	\N	\N	\N	\N	\N	\N
65	2021-01-10 16:00:00	2021-11-12 22:44:18.401	1	DEBIT	SUCCESS	CASH	120000.000000000000000000000000000000	20	\N	\N	\N	\N	\N	\N	\N
66	2021-01-10 16:00:00	2021-11-12 22:44:19.943	1	DEBIT	SUCCESS	CASH	292500.000000000000000000000000000000	21	\N	\N	\N	\N	\N	\N	\N
67	2021-01-10 16:00:00	2021-11-12 22:44:20.373	1	DEBIT	SUCCESS	CASH	40000.000000000000000000000000000000	22	\N	\N	\N	\N	\N	\N	\N
68	2021-01-10 16:00:00	2021-11-12 22:44:21.054	1	DEBIT	SUCCESS	CASH	255000.000000000000000000000000000000	23	\N	\N	\N	\N	\N	\N	\N
69	2021-01-10 16:00:00	2021-11-12 22:44:21.981	1	DEBIT	SUCCESS	CASH	111000.000000000000000000000000000000	24	\N	\N	\N	\N	\N	\N	\N
70	2021-01-10 16:00:00	2021-11-12 22:44:24.716	1	DEBIT	SUCCESS	CASH	603500.000000000000000000000000000000	25	\N	\N	\N	\N	\N	\N	\N
71	2021-01-10 16:00:00	2021-11-12 22:44:25.701	1	DEBIT	SUCCESS	CASH	159000.000000000000000000000000000000	26	\N	\N	\N	\N	\N	\N	\N
72	2021-01-10 16:00:00	2021-11-12 22:44:27.408	1	DEBIT	SUCCESS	CASH	388500.000000000000000000000000000000	27	\N	\N	\N	\N	\N	\N	\N
73	2021-01-10 16:00:00	2021-11-12 22:44:29.293	1	DEBIT	SUCCESS	CASH	285000.000000000000000000000000000000	28	\N	\N	\N	\N	\N	\N	\N
74	2021-01-10 16:00:00	2021-11-12 22:44:31.556	1	DEBIT	SUCCESS	CASH	405000.000000000000000000000000000000	29	\N	\N	\N	\N	\N	\N	\N
75	2021-01-10 16:00:00	2021-11-12 22:44:33.231	1	DEBIT	SUCCESS	CASH	376000.000000000000000000000000000000	30	\N	\N	\N	\N	\N	\N	\N
76	2021-01-12 16:00:00	2021-11-12 22:44:35.599	1	DEBIT	SUCCESS	CASH	563000.000000000000000000000000000000	31	\N	\N	\N	\N	\N	\N	\N
77	2021-01-12 16:00:00	2021-11-12 22:44:36.543	1	DEBIT	SUCCESS	CASH	336000.000000000000000000000000000000	32	\N	\N	\N	\N	\N	\N	\N
78	2021-01-12 16:00:00	2021-11-12 22:44:38.665	1	DEBIT	SUCCESS	CASH	606000.000000000000000000000000000000	33	\N	\N	\N	\N	\N	\N	\N
79	2021-01-12 16:00:00	2021-11-12 22:44:39.105	1	DEBIT	SUCCESS	CASH	216000.000000000000000000000000000000	34	\N	\N	\N	\N	\N	\N	\N
80	2021-01-12 16:00:00	2021-11-12 22:44:40.476	1	DEBIT	SUCCESS	CASH	415000.000000000000000000000000000000	35	\N	\N	\N	\N	\N	\N	\N
81	2021-01-14 16:00:00	2021-11-12 22:44:43.071	1	DEBIT	SUCCESS	CASH	585000.000000000000000000000000000000	36	\N	\N	\N	\N	\N	\N	\N
82	2021-01-14 16:00:00	2021-11-12 22:44:44.459	1	DEBIT	SUCCESS	CASH	609000.000000000000000000000000000000	37	\N	\N	\N	\N	\N	\N	\N
83	2021-01-14 16:00:00	2021-11-12 22:44:45.858	1	DEBIT	SUCCESS	CASH	198000.000000000000000000000000000000	38	\N	\N	\N	\N	\N	\N	\N
84	2021-01-14 16:00:00	2021-11-12 22:44:47.227	1	DEBIT	SUCCESS	CASH	273000.000000000000000000000000000000	39	\N	\N	\N	\N	\N	\N	\N
85	2021-01-14 16:00:00	2021-11-12 22:44:48.155	1	DEBIT	SUCCESS	CASH	165000.000000000000000000000000000000	40	\N	\N	\N	\N	\N	\N	\N
86	2021-01-18 16:00:00	2021-11-12 22:44:49.809	1	DEBIT	SUCCESS	CASH	442500.000000000000000000000000000000	41	\N	\N	\N	\N	\N	\N	\N
87	2021-01-18 16:00:00	2021-11-12 22:44:50.979	1	DEBIT	SUCCESS	CASH	216000.000000000000000000000000000000	42	\N	\N	\N	\N	\N	\N	\N
88	2021-01-18 16:00:00	2021-11-12 22:44:51.401	1	DEBIT	SUCCESS	CASH	63000.000000000000000000000000000000	43	\N	\N	\N	\N	\N	\N	\N
89	2021-01-18 16:00:00	2021-11-12 22:44:52.418	1	DEBIT	SUCCESS	CASH	87000.000000000000000000000000000000	44	\N	\N	\N	\N	\N	\N	\N
90	2021-01-18 16:00:00	2021-11-12 22:44:52.84	1	DEBIT	SUCCESS	CASH	45000.000000000000000000000000000000	45	\N	\N	\N	\N	\N	\N	\N
91	2021-01-18 16:00:00	2021-11-12 22:44:55.03	1	DEBIT	SUCCESS	CASH	362500.000000000000000000000000000000	46	\N	\N	\N	\N	\N	\N	\N
92	2021-01-18 16:00:00	2021-11-12 22:44:56.16	1	DEBIT	SUCCESS	CASH	170000.000000000000000000000000000000	47	\N	\N	\N	\N	\N	\N	\N
93	2021-01-19 16:00:00	2021-11-12 22:44:57.808	1	DEBIT	SUCCESS	CASH	321000.000000000000000000000000000000	48	\N	\N	\N	\N	\N	\N	\N
94	2021-01-19 16:00:00	2021-11-12 22:44:58.696	1	DEBIT	SUCCESS	CASH	265000.000000000000000000000000000000	49	\N	\N	\N	\N	\N	\N	\N
95	2021-01-19 16:00:00	2021-11-12 22:45:00.798	1	DEBIT	SUCCESS	CASH	982500.000000000000000000000000000000	50	\N	\N	\N	\N	\N	\N	\N
96	2021-01-22 16:00:00	2021-11-12 22:45:02.211	1	DEBIT	SUCCESS	CASH	367500.000000000000000000000000000000	51	\N	\N	\N	\N	\N	\N	\N
97	2021-01-22 16:00:00	2021-11-12 22:45:02.872	1	DEBIT	SUCCESS	CASH	630000.000000000000000000000000000000	52	\N	\N	\N	\N	\N	\N	\N
98	2021-01-22 16:00:00	2021-11-12 22:45:03.536	1	DEBIT	SUCCESS	CASH	108000.000000000000000000000000000000	53	\N	\N	\N	\N	\N	\N	\N
99	2021-01-22 16:00:00	2021-11-12 22:45:04.656	1	DEBIT	SUCCESS	CASH	186000.000000000000000000000000000000	54	\N	\N	\N	\N	\N	\N	\N
100	2021-01-22 16:00:00	2021-11-12 22:45:05.302	1	DEBIT	SUCCESS	CASH	72000.000000000000000000000000000000	55	\N	\N	\N	\N	\N	\N	\N
101	2021-01-22 16:00:00	2021-11-12 22:45:07.382	1	DEBIT	SUCCESS	CASH	620500.000000000000000000000000000000	56	\N	\N	\N	\N	\N	\N	\N
102	2021-01-24 16:00:00	2021-11-12 22:45:08.024	1	DEBIT	SUCCESS	CASH	630000.000000000000000000000000000000	57	\N	\N	\N	\N	\N	\N	\N
103	2021-01-24 16:00:00	2021-11-12 22:45:09.142	1	DEBIT	SUCCESS	CASH	333000.000000000000000000000000000000	58	\N	\N	\N	\N	\N	\N	\N
104	2021-01-24 16:00:00	2021-11-12 22:45:10.283	1	DEBIT	SUCCESS	CASH	261000.000000000000000000000000000000	59	\N	\N	\N	\N	\N	\N	\N
105	2021-01-24 16:00:00	2021-11-12 22:45:10.938	1	DEBIT	SUCCESS	CASH	60000.000000000000000000000000000000	60	\N	\N	\N	\N	\N	\N	\N
106	2021-01-24 16:00:00	2021-11-12 22:45:12.321	1	DEBIT	SUCCESS	CASH	456500.000000000000000000000000000000	61	\N	\N	\N	\N	\N	\N	\N
107	2021-01-26 16:00:00	2021-11-12 22:45:15.152	1	DEBIT	SUCCESS	CASH	649000.000000000000000000000000000000	62	\N	\N	\N	\N	\N	\N	\N
108	2021-01-26 16:00:00	2021-11-12 22:45:17.77	1	DEBIT	SUCCESS	CASH	756500.000000000000000000000000000000	63	\N	\N	\N	\N	\N	\N	\N
109	2021-01-26 16:00:00	2021-11-12 22:45:20.592	1	DEBIT	SUCCESS	CASH	2334000.000000000000000000000000000000	64	\N	\N	\N	\N	\N	\N	\N
110	2021-01-26 16:00:00	2021-11-12 22:45:21.471	1	DEBIT	SUCCESS	CASH	105000.000000000000000000000000000000	65	\N	\N	\N	\N	\N	\N	\N
111	2021-01-26 16:00:00	2021-11-12 22:45:24.286	1	DEBIT	SUCCESS	CASH	462000.000000000000000000000000000000	66	\N	\N	\N	\N	\N	\N	\N
112	2021-01-26 16:00:00	2021-11-12 22:45:26.596	1	DEBIT	SUCCESS	CASH	540000.000000000000000000000000000000	67	\N	\N	\N	\N	\N	\N	\N
113	2021-01-28 16:00:00	2021-11-12 22:45:27.803	1	DEBIT	SUCCESS	CASH	361000.000000000000000000000000000000	68	\N	\N	\N	\N	\N	\N	\N
114	2021-01-28 16:00:00	2021-11-12 22:45:29.396	1	DEBIT	SUCCESS	CASH	312000.000000000000000000000000000000	69	\N	\N	\N	\N	\N	\N	\N
\.


--
-- Data for Name: User; Type: TABLE DATA; Schema: public; Owner: postgres
--

COPY public."User" (id, name, username, password, role, address, mobile, email) FROM stdin;
1	adminzero	adminzero	$2b$04$ibbWD263HfXVOp9d/ftko.FzFsSFdPNOL.QxQym4EvnSgt1rt1Os.	ADMIN	\N	\N	\N
2	Ks.Hasna	\N	\N	CUSTOMER	Jl.Nangka - Oebobo	\N	\N
3	Ks.Rahmadani	\N	\N	CUSTOMER	Jl.Nangka - Oebobo	\N	\N
4	Ks.Awal	\N	\N	CUSTOMER	Jl.Bunga Jati - Kelapa Lima	\N	\N
5	Ks.Naldy	\N	\N	CUSTOMER	Jl.TDM V - TDM V	\N	\N
6	Ks. Azam Cell	\N	\N	CUSTOMER	Noelbaki	\N	\N
7	Ks. Adrian Cell	\N	\N	CUSTOMER	Jl.Farmasi - Liliba	\N	\N
8	Ks.Noval	\N	\N	CUSTOMER	Jl.Timor Raya Km.7 - Oesapa	\N	\N
9	Ks.Bilkis	\N	\N	CUSTOMER	Jl.Pulau Indah - Kelapa Lima	\N	\N
10	Ks.Susan	\N	\N	CUSTOMER	Jl.Lubang Jati - Manutapen	\N	\N
11	Ks.Risky	\N	\N	CUSTOMER	Jurusan Gereja Eden Nisbaki - Manutapen	\N	\N
12	Ks.Saldi	\N	\N	CUSTOMER	Jl.Sukun 1 - Oepura	\N	\N
13	Ks. Amin	\N	\N	CUSTOMER	Depan IndoSablon - Belakang Pasar Oebobo	\N	\N
14	Tk.Tirta Mas	\N	\N	CUSTOMER	Jl.Fetor Funay - BTN	\N	\N
15	Ks.Bintang	\N	\N	CUSTOMER	Jl.Pemuda - Kuanino	\N	\N
16	Ks.Tahar Dua	\N	\N	CUSTOMER	Jl.Pemuda - Kuanino	\N	\N
17	Ks.Putra Tunggal	\N	\N	CUSTOMER	Jl.Bhakti Karang - Oebobo	\N	\N
18	Ks.Wahyu	\N	\N	CUSTOMER	Jl.El Tari 3 - Penfui	\N	\N
19	Best Mart	\N	\N	CUSTOMER	Jl.Timor Raya Km.9 - Oesapa	\N	\N
20	King Mart	\N	\N	CUSTOMER	Jl.Adisucipto - Penfui	\N	\N
21	Ks.Andi	\N	\N	CUSTOMER	Jl.Timor Raya - Tuapukan	\N	\N
22	Ks.A'an	\N	\N	CUSTOMER	Jl.Timor Raya - Babau	\N	\N
23	Ks.Nursyafika	\N	\N	CUSTOMER	Jurusan Wira Aji - Naibonat	\N	\N
24	Ks.Ridwan	\N	\N	CUSTOMER	Jurusan Kantor Bupati - Naibonat	\N	\N
25	Ks.Akbar	\N	\N	CUSTOMER	Depan Pertamina - Naibonat	\N	\N
26	Ks.Kirana	\N	\N	CUSTOMER	Jurusan Pertamina - Naibonat	\N	\N
27	Ks.Lima Utama	\N	\N	CUSTOMER	Belakang Polresta - Walikota	\N	\N
28	Ks.Cahaya Ismail	\N	\N	CUSTOMER	Jl.Nusantara - Liliba	\N	\N
29	Ks.Putra - Putri	\N	\N	CUSTOMER	Jurusan Anugerah Mandiri - Jalur 40	\N	\N
30	Ks.Putra - Putri Dua	\N	\N	CUSTOMER	Jurusan SMA Negeri 6 - Sikumana	\N	\N
31	Aquarius Mart	\N	\N	CUSTOMER	Jl.Timor Raya Km.9 - Oesapa	\N	\N
32	Marina Mart	\N	\N	CUSTOMER	Jl.Piet A.Tallo - Liliba	\N	\N
33	911 Mart	\N	\N	CUSTOMER	Jl.El Tari 3 - Penfui	\N	\N
34	Top Mart	\N	\N	CUSTOMER	Jl.Jendral Sudirman - Kuanino	\N	\N
35	Tk. Firmansyah	\N	\N	CUSTOMER	Jl.Piet A.Tallo - Liliba	\N	\N
36	Ks.Lima - Lima	\N	\N	CUSTOMER	Jl.Taebenu - Liliba	\N	\N
37	Ks. Gracia	\N	\N	CUSTOMER	Jl. Nasipanaf - Penfui	\N	\N
38	Bukit Bangunan	\N	\N	CUSTOMER	Jl.H.R Koroh - Sikumana	\N	\N
39	Ks.Kitinaubina	\N	\N	CUSTOMER	Jl.Nangka - Oebobo	\N	\N
40	Tk.Alta Indah	\N	\N	CUSTOMER	Jl.Pahlawan - Namosain	\N	\N
41	Ks.Radit	\N	\N	CUSTOMER	Jl.Alfons Nisnoni - Airnona	\N	\N
42	Ks.Waru	\N	\N	CUSTOMER	Jl.Timor Raya - Pasir Panjang	\N	\N
43	Ks.Sifatuo	\N	\N	CUSTOMER	Jl. Hans Kapitan - Kelapa Lima	\N	\N
44	Ks.Nirma	\N	\N	CUSTOMER	Jl.Hans Kapitan - Kelapa Lima	\N	\N
45	Tirosa Mart	\N	\N	CUSTOMER	Jl.Biknoi - Naikoten	\N	\N
46	Ks.Rafqi	\N	\N	CUSTOMER	Jl.Alfons Nisnoni - Batuplat	\N	\N
47	Ks.Aqila	\N	\N	CUSTOMER	Jl. Jambu - Manulai 2	\N	\N
48	Ks.Lisda	\N	\N	CUSTOMER	Jurusan SMA Negeri 6 - Sikumana	\N	\N
49	Ks.Sifatuo	\N	\N	CUSTOMER	Jl.Bhakti Karang - Oebobo	\N	\N
50	Ks.Kembar	\N	\N	CUSTOMER	Jl.Bundaran PU - Oebufu	\N	\N
51	Bengkel Paparisa	\N	\N	CUSTOMER	Jl.H.R Koroh - Sikumana	\N	\N
52	Ks.Three - F	\N	\N	CUSTOMER	Jl.Jendral Sudirman - Kuanino	\N	\N
53	Tiara Mart	\N	\N	CUSTOMER	Jl.Piet A.Tallo - Liliba	\N	\N
54	Ks.Amin	\N	\N	CUSTOMER	Depan IndoSablon - Belakang Pasar Oebobo	\N	\N
55	Ks.Nadine 1	\N	\N	CUSTOMER	Jurusan JP Home Stay - Liliba	\N	\N
56	Ks.Christin Cell	\N	\N	CUSTOMER	Jl.Kejora - Jurusan RM.Telaga Opa Oepoi	\N	\N
57	Ks.Irfan Jaya	\N	\N	CUSTOMER	Jurusan Susteran Fioretti - Penfui	\N	\N
58	UD.Shinta	\N	\N	CUSTOMER	Jl.H.R Koroh - Sikumana	\N	\N
59	UD.Keagungan	\N	\N	CUSTOMER	Jl.Oematan - Walikota	\N	\N
60	Ks.Sani Jaya	\N	\N	CUSTOMER	Jurusan Fatukoa - Jalur 40	\N	\N
61	Ks.Three - F	\N	\N	CUSTOMER	Jl.Jendral Sudirman - Kuanino	\N	\N
62	Ks.Mira	\N	\N	CUSTOMER	Jl.El Tari 3 - Penfui	\N	\N
63	Ks.Bilkis	\N	\N	CUSTOMER	Jl.Pulau Indah - Kelapa Lima	\N	\N
64	Ks.Risky	\N	\N	CUSTOMER	Jurusan Gereja Eden Nisbaki - Manutapen	\N	\N
65	Ks.Adiyasta	\N	\N	CUSTOMER	Jl.Lubang Jati - Manutapen	\N	\N
66	Ks.Arni	\N	\N	CUSTOMER	Jl.TDM II - TDM II	\N	\N
67	Flobamor Mart	\N	\N	CUSTOMER	Jurusan TDM II A - TDM II	\N	\N
68	Ks.Ridho	\N	\N	CUSTOMER	Jurusan Jembatan Pohon Duri - Oesapa	\N	\N
69	Ks.Nirwana	\N	\N	CUSTOMER	Jl.Bajawa (SMK N 4) - Oepoi	\N	\N
70	Ks.Nona	\N	\N	CUSTOMER	Jl.Pemuda - Kuanino	\N	\N
71	Ks.Gala Mahesa	\N	\N	CUSTOMER	Jl.Oe'ekam - Sikumana	\N	\N
\.


--
-- Data for Name: _ProductToProductCategory; Type: TABLE DATA; Schema: public; Owner: postgres
--

COPY public."_ProductToProductCategory" ("A", "B") FROM stdin;
\.


--
-- Name: Delay_id_seq; Type: SEQUENCE SET; Schema: public; Owner: postgres
--

SELECT pg_catalog.setval('public."Delay_id_seq"', 1, false);


--
-- Name: EquityChange_id_seq; Type: SEQUENCE SET; Schema: public; Owner: postgres
--

SELECT pg_catalog.setval('public."EquityChange_id_seq"', 1, false);


--
-- Name: Investment_id_seq; Type: SEQUENCE SET; Schema: public; Owner: postgres
--

SELECT pg_catalog.setval('public."Investment_id_seq"', 1, false);


--
-- Name: Opex_id_seq; Type: SEQUENCE SET; Schema: public; Owner: postgres
--

SELECT pg_catalog.setval('public."Opex_id_seq"', 1, false);


--
-- Name: OrderItem_id_seq; Type: SEQUENCE SET; Schema: public; Owner: postgres
--

SELECT pg_catalog.setval('public."OrderItem_id_seq"', 342, true);


--
-- Name: Order_id_seq; Type: SEQUENCE SET; Schema: public; Owner: postgres
--

SELECT pg_catalog.setval('public."Order_id_seq"', 70, true);


--
-- Name: ProductCategory_id_seq; Type: SEQUENCE SET; Schema: public; Owner: postgres
--

SELECT pg_catalog.setval('public."ProductCategory_id_seq"', 1, false);


--
-- Name: Product_id_seq; Type: SEQUENCE SET; Schema: public; Owner: postgres
--

SELECT pg_catalog.setval('public."Product_id_seq"', 215, true);


--
-- Name: RecordEquity_id_seq; Type: SEQUENCE SET; Schema: public; Owner: postgres
--

SELECT pg_catalog.setval('public."RecordEquity_id_seq"', 3, true);


--
-- Name: StockItem_id_seq; Type: SEQUENCE SET; Schema: public; Owner: postgres
--

SELECT pg_catalog.setval('public."StockItem_id_seq"', 1, false);


--
-- Name: Tool_id_seq; Type: SEQUENCE SET; Schema: public; Owner: postgres
--

SELECT pg_catalog.setval('public."Tool_id_seq"', 1, false);


--
-- Name: Transaction_id_seq; Type: SEQUENCE SET; Schema: public; Owner: postgres
--

SELECT pg_catalog.setval('public."Transaction_id_seq"', 114, true);


--
-- Name: User_id_seq; Type: SEQUENCE SET; Schema: public; Owner: postgres
--

SELECT pg_catalog.setval('public."User_id_seq"', 71, true);


--
-- Name: Delay Delay_pkey; Type: CONSTRAINT; Schema: public; Owner: postgres
--

ALTER TABLE ONLY public."Delay"
    ADD CONSTRAINT "Delay_pkey" PRIMARY KEY (id);


--
-- Name: EquityChange EquityChange_pkey; Type: CONSTRAINT; Schema: public; Owner: postgres
--

ALTER TABLE ONLY public."EquityChange"
    ADD CONSTRAINT "EquityChange_pkey" PRIMARY KEY (id);


--
-- Name: FinanceReport FinanceReport_pkey; Type: CONSTRAINT; Schema: public; Owner: postgres
--

ALTER TABLE ONLY public."FinanceReport"
    ADD CONSTRAINT "FinanceReport_pkey" PRIMARY KEY (target);


--
-- Name: Investment Investment_pkey; Type: CONSTRAINT; Schema: public; Owner: postgres
--

ALTER TABLE ONLY public."Investment"
    ADD CONSTRAINT "Investment_pkey" PRIMARY KEY (id);


--
-- Name: Opex Opex_pkey; Type: CONSTRAINT; Schema: public; Owner: postgres
--

ALTER TABLE ONLY public."Opex"
    ADD CONSTRAINT "Opex_pkey" PRIMARY KEY (id);


--
-- Name: OrderItem OrderItem_pkey; Type: CONSTRAINT; Schema: public; Owner: postgres
--

ALTER TABLE ONLY public."OrderItem"
    ADD CONSTRAINT "OrderItem_pkey" PRIMARY KEY (id);


--
-- Name: Order Order_pkey; Type: CONSTRAINT; Schema: public; Owner: postgres
--

ALTER TABLE ONLY public."Order"
    ADD CONSTRAINT "Order_pkey" PRIMARY KEY (id);


--
-- Name: ProductCategory ProductCategory_pkey; Type: CONSTRAINT; Schema: public; Owner: postgres
--

ALTER TABLE ONLY public."ProductCategory"
    ADD CONSTRAINT "ProductCategory_pkey" PRIMARY KEY (id);


--
-- Name: Product Product_pkey; Type: CONSTRAINT; Schema: public; Owner: postgres
--

ALTER TABLE ONLY public."Product"
    ADD CONSTRAINT "Product_pkey" PRIMARY KEY (id);


--
-- Name: RecordEquity RecordEquity_pkey; Type: CONSTRAINT; Schema: public; Owner: postgres
--

ALTER TABLE ONLY public."RecordEquity"
    ADD CONSTRAINT "RecordEquity_pkey" PRIMARY KEY (id);


--
-- Name: RecordProduct RecordProduct_pkey; Type: CONSTRAINT; Schema: public; Owner: postgres
--

ALTER TABLE ONLY public."RecordProduct"
    ADD CONSTRAINT "RecordProduct_pkey" PRIMARY KEY (date);


--
-- Name: StockItem StockItem_pkey; Type: CONSTRAINT; Schema: public; Owner: postgres
--

ALTER TABLE ONLY public."StockItem"
    ADD CONSTRAINT "StockItem_pkey" PRIMARY KEY (id);


--
-- Name: Tool Tool_pkey; Type: CONSTRAINT; Schema: public; Owner: postgres
--

ALTER TABLE ONLY public."Tool"
    ADD CONSTRAINT "Tool_pkey" PRIMARY KEY (id);


--
-- Name: Transaction Transaction_pkey; Type: CONSTRAINT; Schema: public; Owner: postgres
--

ALTER TABLE ONLY public."Transaction"
    ADD CONSTRAINT "Transaction_pkey" PRIMARY KEY (id);


--
-- Name: User User_pkey; Type: CONSTRAINT; Schema: public; Owner: postgres
--

ALTER TABLE ONLY public."User"
    ADD CONSTRAINT "User_pkey" PRIMARY KEY (id);


--
-- Name: Delay_orderId_unique; Type: INDEX; Schema: public; Owner: postgres
--

CREATE UNIQUE INDEX "Delay_orderId_unique" ON public."Delay" USING btree ("orderId");


--
-- Name: Transaction_equityChangeId_unique; Type: INDEX; Schema: public; Owner: postgres
--

CREATE UNIQUE INDEX "Transaction_equityChangeId_unique" ON public."Transaction" USING btree ("equityChangeId");


--
-- Name: Transaction_orderId_unique; Type: INDEX; Schema: public; Owner: postgres
--

CREATE UNIQUE INDEX "Transaction_orderId_unique" ON public."Transaction" USING btree ("orderId");


--
-- Name: _ProductToProductCategory_AB_unique; Type: INDEX; Schema: public; Owner: postgres
--

CREATE UNIQUE INDEX "_ProductToProductCategory_AB_unique" ON public."_ProductToProductCategory" USING btree ("A", "B");


--
-- Name: _ProductToProductCategory_B_index; Type: INDEX; Schema: public; Owner: postgres
--

CREATE INDEX "_ProductToProductCategory_B_index" ON public."_ProductToProductCategory" USING btree ("B");


--
-- Name: Delay Delay_authorId_fkey; Type: FK CONSTRAINT; Schema: public; Owner: postgres
--

ALTER TABLE ONLY public."Delay"
    ADD CONSTRAINT "Delay_authorId_fkey" FOREIGN KEY ("authorId") REFERENCES public."User"(id) ON UPDATE CASCADE ON DELETE RESTRICT;


--
-- Name: Delay Delay_orderId_fkey; Type: FK CONSTRAINT; Schema: public; Owner: postgres
--

ALTER TABLE ONLY public."Delay"
    ADD CONSTRAINT "Delay_orderId_fkey" FOREIGN KEY ("orderId") REFERENCES public."Order"(id) ON UPDATE CASCADE ON DELETE CASCADE;


--
-- Name: OrderItem OrderItem_authorId_fkey; Type: FK CONSTRAINT; Schema: public; Owner: postgres
--

ALTER TABLE ONLY public."OrderItem"
    ADD CONSTRAINT "OrderItem_authorId_fkey" FOREIGN KEY ("authorId") REFERENCES public."User"(id) ON UPDATE CASCADE ON DELETE RESTRICT;


--
-- Name: OrderItem OrderItem_orderId_fkey; Type: FK CONSTRAINT; Schema: public; Owner: postgres
--

ALTER TABLE ONLY public."OrderItem"
    ADD CONSTRAINT "OrderItem_orderId_fkey" FOREIGN KEY ("orderId") REFERENCES public."Order"(id) ON UPDATE CASCADE ON DELETE CASCADE;


--
-- Name: OrderItem OrderItem_productId_fkey; Type: FK CONSTRAINT; Schema: public; Owner: postgres
--

ALTER TABLE ONLY public."OrderItem"
    ADD CONSTRAINT "OrderItem_productId_fkey" FOREIGN KEY ("productId") REFERENCES public."Product"(id) ON UPDATE CASCADE ON DELETE RESTRICT;


--
-- Name: Order Order_authorId_fkey; Type: FK CONSTRAINT; Schema: public; Owner: postgres
--

ALTER TABLE ONLY public."Order"
    ADD CONSTRAINT "Order_authorId_fkey" FOREIGN KEY ("authorId") REFERENCES public."User"(id) ON UPDATE CASCADE ON DELETE RESTRICT;


--
-- Name: Order Order_targetUserId_fkey; Type: FK CONSTRAINT; Schema: public; Owner: postgres
--

ALTER TABLE ONLY public."Order"
    ADD CONSTRAINT "Order_targetUserId_fkey" FOREIGN KEY ("targetUserId") REFERENCES public."User"(id) ON UPDATE CASCADE ON DELETE RESTRICT;


--
-- Name: StockItem StockItem_authorId_fkey; Type: FK CONSTRAINT; Schema: public; Owner: postgres
--

ALTER TABLE ONLY public."StockItem"
    ADD CONSTRAINT "StockItem_authorId_fkey" FOREIGN KEY ("authorId") REFERENCES public."User"(id) ON UPDATE CASCADE ON DELETE RESTRICT;


--
-- Name: StockItem StockItem_orderId_fkey; Type: FK CONSTRAINT; Schema: public; Owner: postgres
--

ALTER TABLE ONLY public."StockItem"
    ADD CONSTRAINT "StockItem_orderId_fkey" FOREIGN KEY ("orderId") REFERENCES public."Order"(id) ON UPDATE CASCADE ON DELETE CASCADE;


--
-- Name: StockItem StockItem_productId_fkey; Type: FK CONSTRAINT; Schema: public; Owner: postgres
--

ALTER TABLE ONLY public."StockItem"
    ADD CONSTRAINT "StockItem_productId_fkey" FOREIGN KEY ("productId") REFERENCES public."Product"(id) ON UPDATE CASCADE ON DELETE CASCADE;


--
-- Name: Transaction Transaction_authorId_fkey; Type: FK CONSTRAINT; Schema: public; Owner: postgres
--

ALTER TABLE ONLY public."Transaction"
    ADD CONSTRAINT "Transaction_authorId_fkey" FOREIGN KEY ("authorId") REFERENCES public."User"(id) ON UPDATE CASCADE ON DELETE RESTRICT;


--
-- Name: Transaction Transaction_delayId_fkey; Type: FK CONSTRAINT; Schema: public; Owner: postgres
--

ALTER TABLE ONLY public."Transaction"
    ADD CONSTRAINT "Transaction_delayId_fkey" FOREIGN KEY ("delayId") REFERENCES public."Delay"(id) ON UPDATE CASCADE ON DELETE CASCADE;


--
-- Name: Transaction Transaction_equityChangeId_fkey; Type: FK CONSTRAINT; Schema: public; Owner: postgres
--

ALTER TABLE ONLY public."Transaction"
    ADD CONSTRAINT "Transaction_equityChangeId_fkey" FOREIGN KEY ("equityChangeId") REFERENCES public."EquityChange"(id) ON UPDATE CASCADE ON DELETE CASCADE;


--
-- Name: Transaction Transaction_investmentId_fkey; Type: FK CONSTRAINT; Schema: public; Owner: postgres
--

ALTER TABLE ONLY public."Transaction"
    ADD CONSTRAINT "Transaction_investmentId_fkey" FOREIGN KEY ("investmentId") REFERENCES public."Investment"(id) ON UPDATE CASCADE ON DELETE CASCADE;


--
-- Name: Transaction Transaction_opexId_fkey; Type: FK CONSTRAINT; Schema: public; Owner: postgres
--

ALTER TABLE ONLY public."Transaction"
    ADD CONSTRAINT "Transaction_opexId_fkey" FOREIGN KEY ("opexId") REFERENCES public."Opex"(id) ON UPDATE CASCADE ON DELETE CASCADE;


--
-- Name: Transaction Transaction_orderId_fkey; Type: FK CONSTRAINT; Schema: public; Owner: postgres
--

ALTER TABLE ONLY public."Transaction"
    ADD CONSTRAINT "Transaction_orderId_fkey" FOREIGN KEY ("orderId") REFERENCES public."Order"(id) ON UPDATE CASCADE ON DELETE CASCADE;


--
-- Name: Transaction Transaction_toolId_fkey; Type: FK CONSTRAINT; Schema: public; Owner: postgres
--

ALTER TABLE ONLY public."Transaction"
    ADD CONSTRAINT "Transaction_toolId_fkey" FOREIGN KEY ("toolId") REFERENCES public."Tool"(id) ON UPDATE CASCADE ON DELETE CASCADE;


--
-- Name: _ProductToProductCategory _ProductToProductCategory_A_fkey; Type: FK CONSTRAINT; Schema: public; Owner: postgres
--

ALTER TABLE ONLY public."_ProductToProductCategory"
    ADD CONSTRAINT "_ProductToProductCategory_A_fkey" FOREIGN KEY ("A") REFERENCES public."Product"(id) ON UPDATE CASCADE ON DELETE CASCADE;


--
-- Name: _ProductToProductCategory _ProductToProductCategory_B_fkey; Type: FK CONSTRAINT; Schema: public; Owner: postgres
--

ALTER TABLE ONLY public."_ProductToProductCategory"
    ADD CONSTRAINT "_ProductToProductCategory_B_fkey" FOREIGN KEY ("B") REFERENCES public."ProductCategory"(id) ON UPDATE CASCADE ON DELETE CASCADE;


--
-- PostgreSQL database dump complete
--

